security_id,underlying_symbol_raw,effective_from,effective_to,lot_size,source_as_of_date,source_contract_file,source_sha256,evidence_status
,011NSETEST,2024-07-01,2026-08-12,50,2024-07-01,NSE_FO_contract_01072024.csv.gz,d1d6d16bc4c362661ee1ea77c1bae938b18bea016697fafc2ee00c52a2c13a0c,OFFICIAL_DAILY_CONTRACT_FILE
,021NSETEST,2024-07-01,2026-08-12,50,2024-07-01,NSE_FO_contract_01072024.csv.gz,d1d6d16bc4c362661ee1ea77c1bae938b18bea016697fafc2ee00c52a2c13a0c,OFFICIAL_DAILY_CONTRACT_FILE
,031NSETEST,2024-07-01,2026-08-12,50,2024-07-01,NSE_FO_contract_01072024.csv.gz,d1d6d16bc4c362661ee1ea77c1bae938b18bea016697fafc2ee00c52a2c13a0c,OFFICIAL_DAILY_CONTRACT_FILE
,041NSETEST,2024-07-01,2026-08-12,50,2024-07-01,NSE_FO_contract_01072024.csv.gz,d1d6d16bc4c362661ee1ea77c1bae938b18bea016697fafc2ee00c52a2c13a0c,OFFICIAL_DAILY_CONTRACT_FILE
,051NSETEST,2024-07-01,2026-08-12,50,2024-07-01,NSE_FO_contract_01072024.csv.gz,d1d6d16bc4c362661ee1ea77c1bae938b18bea016697fafc2ee00c52a2c13a0c,OFFICIAL_DAILY_CONTRACT_FILE
,061NSETEST,2024-07-01,2026-08-12,50,2024-07-01,NSE_FO_contract_01072024.csv.gz,d1d6d16bc4c362661ee1ea77c1bae938b18bea016697fafc2ee00c52a2c13a0c,OFFICIAL_DAILY_CONTRACT_FILE
,071NSETEST,2024-07-01,2026-08-12,50,2024-07-01,NSE_FO_contract_01072024.csv.gz,d1d6d16bc4c362661ee1ea77c1bae938b18bea016697fafc2ee00c52a2c13a0c,OFFICIAL_DAILY_CONTRACT_FILE
,081NSETEST,2024-07-01,2026-08-12,50,2024-07-01,NSE_FO_contract_01072024.csv.gz,d1d6d16bc4c362661ee1ea77c1bae938b18bea016697fafc2ee00c52a2c13a0c,OFFICIAL_DAILY_CONTRACT_FILE
,091NSETEST,2024-07-01,2026-08-12,50,2024-07-01,NSE_FO_contract_01072024.csv.gz,d1d6d16bc4c362661ee1ea77c1bae938b18bea016697fafc2ee00c52a2c13a0c,OFFICIAL_DAILY_CONTRACT_FILE
,101NSETEST,2024-07-01,2026-08-12,50,2024-07-01,NSE_FO_contract_01072024.csv.gz,d1d6d16bc4c362661ee1ea77c1bae938b18bea016697fafc2ee00c52a2c13a0c,OFFICIAL_DAILY_CONTRACT_FILE
,111NSETEST,2024-07-01,2026-08-12,50,2024-07-01,NSE_FO_contract_01072024.csv.gz,d1d6d16bc4c362661ee1ea77c1bae938b18bea016697fafc2ee00c52a2c13a0c,OFFICIAL_DAILY_CONTRACT_FILE
,121NSETEST,2024-07-01,2026-08-12,50,2024-07-01,NSE_FO_contract_01072024.csv.gz,d1d6d16bc4c362661ee1ea77c1bae938b18bea016697fafc2ee00c52a2c13a0c,OFFICIAL_DAILY_CONTRACT_FILE
,131NSETEST,2024-07-01,2026-08-12,50,2024-07-01,NSE_FO_contract_01072024.csv.gz,d1d6d16bc4c362661ee1ea77c1bae938b18bea016697fafc2ee00c52a2c13a0c,OFFICIAL_DAILY_CONTRACT_FILE
,141NSETEST,2024-07-01,2026-08-12,50,2024-07-01,NSE_FO_contract_01072024.csv.gz,d1d6d16bc4c362661ee1ea77c1bae938b18bea016697fafc2ee00c52a2c13a0c,OFFICIAL_DAILY_CONTRACT_FILE
,151NSETEST,2024-07-01,2026-08-12,50,2024-07-01,NSE_FO_contract_01072024.csv.gz,d1d6d16bc4c362661ee1ea77c1bae938b18bea016697fafc2ee00c52a2c13a0c,OFFICIAL_DAILY_CONTRACT_FILE
,161NSETEST,2024-07-01,2026-08-12,50,2024-07-01,NSE_FO_contract_01072024.csv.gz,d1d6d16bc4c362661ee1ea77c1bae938b18bea016697fafc2ee00c52a2c13a0c,OFFICIAL_DAILY_CONTRACT_FILE
,171NSETEST,2024-07-01,2026-08-12,50,2024-07-01,NSE_FO_contract_01072024.csv.gz,d1d6d16bc4c362661ee1ea77c1bae938b18bea016697fafc2ee00c52a2c13a0c,OFFICIAL_DAILY_CONTRACT_FILE
,181NSETEST,2024-07-01,2026-08-12,50,2024-07-01,NSE_FO_contract_01072024.csv.gz,d1d6d16bc4c362661ee1ea77c1bae938b18bea016697fafc2ee00c52a2c13a0c,OFFICIAL_DAILY_CONTRACT_FILE
,ETERNAL,2025-04-08,2025-04-08,2000,2025-04-08,NSE_FO_contract_08042025.csv.gz,9786f7d55f3d7f4cb2ac2f1d2e5dd810c9c2e8414ddabce52249699151675837,OFFICIAL_DAILY_CONTRACT_FILE
,GMRAIRPORT,2024-12-10,2024-12-10,5625,2024-12-10,NSE_FO_contract_10122024.csv.gz,8e89f58d49b82810744f6fddc7689075f8e2bbb557da79fce8e83f8fe48299c5,OFFICIAL_DAILY_CONTRACT_FILE
,LTM,2026-02-26,2026-02-26,150,2026-02-26,NSE_FO_contract_26022026.csv.gz,d3f7e77c080de119d27fbe678484e1ddf8ea594b048e89022b8995c645ef0fa9,OFFICIAL_DAILY_CONTRACT_FILE
,TMPV,2025-10-23,2025-10-23,800,2025-10-23,NSE_FO_contract_23102025.csv.gz,8f63c5892f2884748a999c600492b99090036da34d864bf17a840b1f77013c06,OFFICIAL_DAILY_CONTRACT_FILE
SEC_0036bd1605970750,UBL,2024-07-01,2025-02-25,400,2024-07-01,NSE_FO_contract_01072024.csv.gz,d1d6d16bc4c362661ee1ea77c1bae938b18bea016697fafc2ee00c52a2c13a0c,OFFICIAL_DAILY_CONTRACT_FILE
SEC_02c6f7dd70ed9f59,LT,2024-07-01,2025-06-25,150,2024-07-01,NSE_FO_contract_01072024.csv.gz,d1d6d16bc4c362661ee1ea77c1bae938b18bea016697fafc2ee00c52a2c13a0c,OFFICIAL_DAILY_CONTRACT_FILE
SEC_02c6f7dd70ed9f59,LT,2025-04-24,2026-08-12,175,2025-04-24,NSE_FO_contract_24042025.csv.gz,d5d15a4ba92b76a42ca5062762479e19c904802aa293618b287baf2217213975,OFFICIAL_DAILY_CONTRACT_FILE
SEC_0477b2eef5d15298,GLENMARK,2024-10-31,2025-06-25,325,2024-10-31,NSE_FO_contract_31102024.csv.gz,1e900d0dbfd98cec9727a5d260781cf6e10eb8ae62942b405b6d33ae421cf7fe,OFFICIAL_DAILY_CONTRACT_FILE
SEC_0477b2eef5d15298,GLENMARK,2025-04-24,2026-08-12,375,2025-04-24,NSE_FO_contract_24042025.csv.gz,d5d15a4ba92b76a42ca5062762479e19c904802aa293618b287baf2217213975,OFFICIAL_DAILY_CONTRACT_FILE
SEC_0477b2eef5d15298,GLENMARK,2024-07-01,2024-12-24,725,2024-07-01,NSE_FO_contract_01072024.csv.gz,d1d6d16bc4c362661ee1ea77c1bae938b18bea016697fafc2ee00c52a2c13a0c,OFFICIAL_DAILY_CONTRACT_FILE
SEC_052933c4ce90af33,ADANIPORTS,2024-07-01,2025-06-25,400,2024-07-01,NSE_FO_contract_01072024.csv.gz,d1d6d16bc4c362661ee1ea77c1bae938b18bea016697fafc2ee00c52a2c13a0c,OFFICIAL_DAILY_CONTRACT_FILE
SEC_052933c4ce90af33,ADANIPORTS,2025-04-24,2026-08-12,475,2025-04-24,NSE_FO_contract_24042025.csv.gz,d5d15a4ba92b76a42ca5062762479e19c904802aa293618b287baf2217213975,OFFICIAL_DAILY_CONTRACT_FILE
SEC_066f74fd86fba4b5,LTTS,2024-07-01,2025-03-26,100,2024-07-01,NSE_FO_contract_01072024.csv.gz,d1d6d16bc4c362661ee1ea77c1bae938b18bea016697fafc2ee00c52a2c13a0c,OFFICIAL_DAILY_CONTRACT_FILE
SEC_073170685dcaa040,NUVAMA,2025-07-31,2025-12-23,75,2025-07-31,NSE_FO_contract_31072025.csv.gz,8beb1ff9cdfd822b710d805037ab6b177c9130300337ea2cd621d1f4e40edd9b,OFFICIAL_DAILY_CONTRACT_FILE
SEC_073170685dcaa040,NUVAMA,2025-10-28,2025-12-23,100,2025-10-28,NSE_FO_contract_28102025.csv.gz,35279f961edc944bfaee7f67aeb838605ba1901e465a216d724f7106ffbfb4c0,OFFICIAL_DAILY_CONTRACT_FILE
SEC_073170685dcaa040,NUVAMA,2025-12-24,2025-12-29,375,2025-12-24,NSE_FO_contract_24122025.csv.gz,08f04881fe428e395c256856863705b7037ccbefbe07f1523a17284fda59d8a3,OFFICIAL_DAILY_CONTRACT_FILE
SEC_073170685dcaa040,NUVAMA,2025-12-24,2026-07-27,500,2025-12-24,NSE_FO_contract_24122025.csv.gz,08f04881fe428e395c256856863705b7037ccbefbe07f1523a17284fda59d8a3,OFFICIAL_DAILY_CONTRACT_FILE
SEC_087182d8ac29e3a7,SWIGGY,2025-12-30,2026-06-29,1300,2025-12-30,NSE_FO_contract_30122025.csv.gz,416b2340d3f91c273076fe5777b1ece6bf2486c4f31b1c76e4fb8a96d1aff283,OFFICIAL_DAILY_CONTRACT_FILE
SEC_087182d8ac29e3a7,SWIGGY,2026-04-28,2026-08-12,1825,2026-04-28,NSE_FO_contract_28042026.csv.gz,d8c239b3ad29e90a35b89b83333e4767d16182d92d8bf161a4382260a69fa7f7,OFFICIAL_DAILY_CONTRACT_FILE
SEC_08d31cca50b3096d,BATAINDIA,2024-07-01,2025-02-25,375,2024-07-01,NSE_FO_contract_01072024.csv.gz,d1d6d16bc4c362661ee1ea77c1bae938b18bea016697fafc2ee00c52a2c13a0c,OFFICIAL_DAILY_CONTRACT_FILE
SEC_08dca0cf5bb3fbae,FORCEMOT,2026-03-30,2026-08-12,25,2026-03-30,NSE_FO_contract_30032026.csv.gz,6d1c57fb6c5187998aa02ba99ef42286d9f340477fbfd2da4125fcdb0a8a068a,OFFICIAL_DAILY_CONTRACT_FILE
SEC_0a60e0b4f40d5817,GRANULES,2024-10-31,2025-06-25,1000,2024-10-31,NSE_FO_contract_31102024.csv.gz,1e900d0dbfd98cec9727a5d260781cf6e10eb8ae62942b405b6d33ae421cf7fe,OFFICIAL_DAILY_CONTRACT_FILE
SEC_0a60e0b4f40d5817,GRANULES,2025-04-24,2025-08-26,1075,2025-04-24,NSE_FO_contract_24042025.csv.gz,d5d15a4ba92b76a42ca5062762479e19c904802aa293618b287baf2217213975,OFFICIAL_DAILY_CONTRACT_FILE
SEC_0a60e0b4f40d5817,GRANULES,2024-07-01,2024-10-30,2000,2024-07-01,NSE_FO_contract_01072024.csv.gz,d1d6d16bc4c362661ee1ea77c1bae938b18bea016697fafc2ee00c52a2c13a0c,OFFICIAL_DAILY_CONTRACT_FILE
SEC_0a6f62e0f616c7f8,BAJFINANCE,2025-04-24,2025-06-12,75,2025-04-24,NSE_FO_contract_24042025.csv.gz,d5d15a4ba92b76a42ca5062762479e19c904802aa293618b287baf2217213975,OFFICIAL_DAILY_CONTRACT_FILE
SEC_0a6f62e0f616c7f8,BAJFINANCE,2024-07-01,2025-06-12,125,2024-07-01,NSE_FO_contract_01072024.csv.gz,d1d6d16bc4c362661ee1ea77c1bae938b18bea016697fafc2ee00c52a2c13a0c,OFFICIAL_DAILY_CONTRACT_FILE
SEC_0a6f62e0f616c7f8,BAJFINANCE,2025-06-13,2026-08-12,750,2025-06-13,NSE_FO_contract_13062025.csv.gz,745f8f24c626dc0f4d89a05ba2cf19cba92b2e7693085d17d0047ff2ae601f53,OFFICIAL_DAILY_CONTRACT_FILE
SEC_0a6f62e0f616c7f8,BAJFINANCE,2025-06-13,2025-06-25,1250,2025-06-13,NSE_FO_contract_13062025.csv.gz,745f8f24c626dc0f4d89a05ba2cf19cba92b2e7693085d17d0047ff2ae601f53,OFFICIAL_DAILY_CONTRACT_FILE
SEC_0bc1e2f5bc490cc6,KPITTECH,2024-11-28,2025-12-29,400,2024-11-28,NSE_FO_contract_28112024.csv.gz,3cd76037fc337fc91858f75850f723f2f95df5a50eb1e33f56d8f0faa097ea1e,OFFICIAL_DAILY_CONTRACT_FILE
SEC_0bc1e2f5bc490cc6,KPITTECH,2025-10-28,2026-06-29,425,2025-10-28,NSE_FO_contract_28102025.csv.gz,35279f961edc944bfaee7f67aeb838605ba1901e465a216d724f7106ffbfb4c0,OFFICIAL_DAILY_CONTRACT_FILE
SEC_0bc1e2f5bc490cc6,KPITTECH,2026-04-28,2026-08-12,775,2026-04-28,NSE_FO_contract_28042026.csv.gz,d8c239b3ad29e90a35b89b83333e4767d16182d92d8bf161a4382260a69fa7f7,OFFICIAL_DAILY_CONTRACT_FILE
SEC_0f8742e943960c00,AARTIIND,2024-07-01,2025-06-25,1000,2024-07-01,NSE_FO_contract_01072024.csv.gz,d1d6d16bc4c362661ee1ea77c1bae938b18bea016697fafc2ee00c52a2c13a0c,OFFICIAL_DAILY_CONTRACT_FILE
SEC_0f8742e943960c00,AARTIIND,2025-04-24,2025-07-30,1325,2025-04-24,NSE_FO_contract_24042025.csv.gz,d5d15a4ba92b76a42ca5062762479e19c904802aa293618b287baf2217213975,OFFICIAL_DAILY_CONTRACT_FILE
SEC_0ffa71e00a72a3a5,TITAGARH,2025-02-27,2025-06-25,625,2025-02-27,NSE_FO_contract_27022025.csv.gz,6608cf3335ac4dd94683dd74e1b56da076eaaf41099cbfe602ad49854f2e0a65,OFFICIAL_DAILY_CONTRACT_FILE
SEC_0ffa71e00a72a3a5,TITAGARH,2025-04-24,2025-12-29,725,2025-04-24,NSE_FO_contract_24042025.csv.gz,d5d15a4ba92b76a42ca5062762479e19c904802aa293618b287baf2217213975,OFFICIAL_DAILY_CONTRACT_FILE
SEC_10867615ebff4ebb,BAJAJFINSV,2025-10-28,2026-06-29,250,2025-10-28,NSE_FO_contract_28102025.csv.gz,35279f961edc944bfaee7f67aeb838605ba1901e465a216d724f7106ffbfb4c0,OFFICIAL_DAILY_CONTRACT_FILE
SEC_10867615ebff4ebb,BAJAJFINSV,2026-04-28,2026-08-12,300,2026-04-28,NSE_FO_contract_28042026.csv.gz,d8c239b3ad29e90a35b89b83333e4767d16182d92d8bf161a4382260a69fa7f7,OFFICIAL_DAILY_CONTRACT_FILE
SEC_10867615ebff4ebb,BAJAJFINSV,2024-07-01,2025-10-27,500,2024-07-01,NSE_FO_contract_01072024.csv.gz,d1d6d16bc4c362661ee1ea77c1bae938b18bea016697fafc2ee00c52a2c13a0c,OFFICIAL_DAILY_CONTRACT_FILE
SEC_10e49cf2e4148a43,HDFCAMC,2024-07-01,2025-11-24,150,2024-07-01,NSE_FO_contract_01072024.csv.gz,d1d6d16bc4c362661ee1ea77c1bae938b18bea016697fafc2ee00c52a2c13a0c,OFFICIAL_DAILY_CONTRACT_FILE
SEC_10e49cf2e4148a43,HDFCAMC,2025-11-25,2026-08-12,300,2025-11-25,NSE_FO_contract_25112025.csv.gz,dd0766bd8fcb051ac37d63a4879d370f62c9b7b17d7084b9ff9616ead1e34024,OFFICIAL_DAILY_CONTRACT_FILE
SEC_11d94195df69816f,IIFL,2025-02-27,2025-06-25,1550,2025-02-27,NSE_FO_contract_27022025.csv.gz,6608cf3335ac4dd94683dd74e1b56da076eaaf41099cbfe602ad49854f2e0a65,OFFICIAL_DAILY_CONTRACT_FILE
SEC_11d94195df69816f,IIFL,2025-04-24,2026-01-23,1650,2025-04-24,NSE_FO_contract_24042025.csv.gz,d5d15a4ba92b76a42ca5062762479e19c904802aa293618b287baf2217213975,OFFICIAL_DAILY_CONTRACT_FILE
SEC_13822c228817c3dd,IOC,2024-07-01,2026-08-12,4875,2024-07-01,NSE_FO_contract_01072024.csv.gz,d1d6d16bc4c362661ee1ea77c1bae938b18bea016697fafc2ee00c52a2c13a0c,OFFICIAL_DAILY_CONTRACT_FILE
SEC_1427221c87503c74,SONACOMS,2024-11-28,2025-06-25,775,2024-11-28,NSE_FO_contract_28112024.csv.gz,3cd76037fc337fc91858f75850f723f2f95df5a50eb1e33f56d8f0faa097ea1e,OFFICIAL_DAILY_CONTRACT_FILE
SEC_1427221c87503c74,SONACOMS,2025-04-24,2025-12-29,1050,2025-04-24,NSE_FO_contract_24042025.csv.gz,d5d15a4ba92b76a42ca5062762479e19c904802aa293618b287baf2217213975,OFFICIAL_DAILY_CONTRACT_FILE
SEC_1427221c87503c74,SONACOMS,2025-10-28,2026-08-12,1225,2025-10-28,NSE_FO_contract_28102025.csv.gz,35279f961edc944bfaee7f67aeb838605ba1901e465a216d724f7106ffbfb4c0,OFFICIAL_DAILY_CONTRACT_FILE
SEC_14fdcda777f6a2b2,YESBANK,2024-11-28,2025-06-25,26000,2024-11-28,NSE_FO_contract_28112024.csv.gz,3cd76037fc337fc91858f75850f723f2f95df5a50eb1e33f56d8f0faa097ea1e,OFFICIAL_DAILY_CONTRACT_FILE
SEC_14fdcda777f6a2b2,YESBANK,2025-04-24,2026-08-12,31100,2025-04-24,NSE_FO_contract_24042025.csv.gz,d5d15a4ba92b76a42ca5062762479e19c904802aa293618b287baf2217213975,OFFICIAL_DAILY_CONTRACT_FILE
SEC_159ef25b9e93d4aa,TVSMOTOR,2025-10-28,2026-08-12,175,2025-10-28,NSE_FO_contract_28102025.csv.gz,35279f961edc944bfaee7f67aeb838605ba1901e465a216d724f7106ffbfb4c0,OFFICIAL_DAILY_CONTRACT_FILE
SEC_159ef25b9e93d4aa,TVSMOTOR,2024-07-01,2025-10-27,350,2024-07-01,NSE_FO_contract_01072024.csv.gz,d1d6d16bc4c362661ee1ea77c1bae938b18bea016697fafc2ee00c52a2c13a0c,OFFICIAL_DAILY_CONTRACT_FILE
SEC_17fdc5d19b7214f9,ITC,2024-07-01,2026-06-29,1600,2024-07-01,NSE_FO_contract_01072024.csv.gz,d1d6d16bc4c362661ee1ea77c1bae938b18bea016697fafc2ee00c52a2c13a0c,OFFICIAL_DAILY_CONTRACT_FILE
SEC_17fdc5d19b7214f9,ITC,2026-04-28,2026-08-12,1725,2026-04-28,NSE_FO_contract_28042026.csv.gz,d8c239b3ad29e90a35b89b83333e4767d16182d92d8bf161a4382260a69fa7f7,OFFICIAL_DAILY_CONTRACT_FILE
SEC_185479762e5f721b,INDIACEM,2024-07-01,2024-08-28,2900,2024-07-01,NSE_FO_contract_01072024.csv.gz,d1d6d16bc4c362661ee1ea77c1bae938b18bea016697fafc2ee00c52a2c13a0c,OFFICIAL_DAILY_CONTRACT_FILE
SEC_19d5ff559bcc1312,HDFCLIFE,2024-07-01,2026-08-12,1100,2024-07-01,NSE_FO_contract_01072024.csv.gz,d1d6d16bc4c362661ee1ea77c1bae938b18bea016697fafc2ee00c52a2c13a0c,OFFICIAL_DAILY_CONTRACT_FILE
SEC_1c7d45724c490afc,AXISBANK,2024-07-01,2026-08-12,625,2024-07-01,NSE_FO_contract_01072024.csv.gz,d1d6d16bc4c362661ee1ea77c1bae938b18bea016697fafc2ee00c52a2c13a0c,OFFICIAL_DAILY_CONTRACT_FILE
SEC_1c86deb1ee4353e3,LICI,2024-11-28,2025-06-25,575,2024-11-28,NSE_FO_contract_28112024.csv.gz,3cd76037fc337fc91858f75850f723f2f95df5a50eb1e33f56d8f0faa097ea1e,OFFICIAL_DAILY_CONTRACT_FILE
SEC_1c86deb1ee4353e3,LICI,2025-04-24,2026-05-26,700,2025-04-24,NSE_FO_contract_24042025.csv.gz,d5d15a4ba92b76a42ca5062762479e19c904802aa293618b287baf2217213975,OFFICIAL_DAILY_CONTRACT_FILE
SEC_1c86deb1ee4353e3,LICI,2026-05-27,2026-08-12,1400,2026-05-27,NSE_FO_contract_27052026.csv.gz,e3552efe68bb2afee95de5c8242af39c48b32f775d27399d330e3435acc0e35e,OFFICIAL_DAILY_CONTRACT_FILE
SEC_1effc26743366ced,PERSISTENT,2024-10-31,2026-06-29,100,2024-10-31,NSE_FO_contract_31102024.csv.gz,1e900d0dbfd98cec9727a5d260781cf6e10eb8ae62942b405b6d33ae421cf7fe,OFFICIAL_DAILY_CONTRACT_FILE
SEC_1effc26743366ced,PERSISTENT,2026-04-28,2026-08-12,125,2026-04-28,NSE_FO_contract_28042026.csv.gz,d8c239b3ad29e90a35b89b83333e4767d16182d92d8bf161a4382260a69fa7f7,OFFICIAL_DAILY_CONTRACT_FILE
SEC_1effc26743366ced,PERSISTENT,2024-07-01,2024-10-30,200,2024-07-01,NSE_FO_contract_01072024.csv.gz,d1d6d16bc4c362661ee1ea77c1bae938b18bea016697fafc2ee00c52a2c13a0c,OFFICIAL_DAILY_CONTRACT_FILE
SEC_1f13da7279c3803d,CESC,2024-11-28,2025-06-25,2925,2024-11-28,NSE_FO_contract_28112024.csv.gz,3cd76037fc337fc91858f75850f723f2f95df5a50eb1e33f56d8f0faa097ea1e,OFFICIAL_DAILY_CONTRACT_FILE
SEC_1f13da7279c3803d,CESC,2025-04-24,2025-08-26,3625,2025-04-24,NSE_FO_contract_24042025.csv.gz,d5d15a4ba92b76a42ca5062762479e19c904802aa293618b287baf2217213975,OFFICIAL_DAILY_CONTRACT_FILE
SEC_20a22065708cc5c9,LAURUSLABS,2025-10-28,2026-08-12,850,2025-10-28,NSE_FO_contract_28102025.csv.gz,35279f961edc944bfaee7f67aeb838605ba1901e465a216d724f7106ffbfb4c0,OFFICIAL_DAILY_CONTRACT_FILE
SEC_20a22065708cc5c9,LAURUSLABS,2024-07-01,2025-10-27,1700,2024-07-01,NSE_FO_contract_01072024.csv.gz,d1d6d16bc4c362661ee1ea77c1bae938b18bea016697fafc2ee00c52a2c13a0c,OFFICIAL_DAILY_CONTRACT_FILE
SEC_22512764aa903a18,HINDPETRO,2024-07-01,2026-08-12,2025,2024-07-01,NSE_FO_contract_01072024.csv.gz,d1d6d16bc4c362661ee1ea77c1bae938b18bea016697fafc2ee00c52a2c13a0c,OFFICIAL_DAILY_CONTRACT_FILE
SEC_22d328d219c9c614,EXIDEIND,2024-07-01,2026-07-27,1800,2024-07-01,NSE_FO_contract_01072024.csv.gz,d1d6d16bc4c362661ee1ea77c1bae938b18bea016697fafc2ee00c52a2c13a0c,OFFICIAL_DAILY_CONTRACT_FILE
SEC_2335348052533989,CGPOWER,2024-11-28,2025-06-25,725,2024-11-28,NSE_FO_contract_28112024.csv.gz,3cd76037fc337fc91858f75850f723f2f95df5a50eb1e33f56d8f0faa097ea1e,OFFICIAL_DAILY_CONTRACT_FILE
SEC_2335348052533989,CGPOWER,2025-04-24,2026-08-12,850,2025-04-24,NSE_FO_contract_24042025.csv.gz,d5d15a4ba92b76a42ca5062762479e19c904802aa293618b287baf2217213975,OFFICIAL_DAILY_CONTRACT_FILE
SEC_240f5295d92daece,LALPATHLAB,2024-10-31,2025-02-25,150,2024-10-31,NSE_FO_contract_31102024.csv.gz,1e900d0dbfd98cec9727a5d260781cf6e10eb8ae62942b405b6d33ae421cf7fe,OFFICIAL_DAILY_CONTRACT_FILE
SEC_240f5295d92daece,LALPATHLAB,2024-07-01,2024-10-30,300,2024-07-01,NSE_FO_contract_01072024.csv.gz,d1d6d16bc4c362661ee1ea77c1bae938b18bea016697fafc2ee00c52a2c13a0c,OFFICIAL_DAILY_CONTRACT_FILE
SEC_2499a44b32e8ab65,JSL,2024-11-28,2025-06-25,775,2024-11-28,NSE_FO_contract_28112024.csv.gz,3cd76037fc337fc91858f75850f723f2f95df5a50eb1e33f56d8f0faa097ea1e,OFFICIAL_DAILY_CONTRACT_FILE
SEC_2499a44b32e8ab65,JSL,2025-04-24,2025-08-26,850,2025-04-24,NSE_FO_contract_24042025.csv.gz,d5d15a4ba92b76a42ca5062762479e19c904802aa293618b287baf2217213975,OFFICIAL_DAILY_CONTRACT_FILE
SEC_24ac1a2897cbf578,ICICIBANK,2024-07-01,2026-08-12,700,2024-07-01,NSE_FO_contract_01072024.csv.gz,d1d6d16bc4c362661ee1ea77c1bae938b18bea016697fafc2ee00c52a2c13a0c,OFFICIAL_DAILY_CONTRACT_FILE
SEC_24bbb0007db98326,BSE,2024-11-28,2025-05-21,125,2024-11-28,NSE_FO_contract_28112024.csv.gz,3cd76037fc337fc91858f75850f723f2f95df5a50eb1e33f56d8f0faa097ea1e,OFFICIAL_DAILY_CONTRACT_FILE
SEC_24bbb0007db98326,BSE,2026-04-28,2026-08-12,200,2026-04-28,NSE_FO_contract_28042026.csv.gz,d8c239b3ad29e90a35b89b83333e4767d16182d92d8bf161a4382260a69fa7f7,OFFICIAL_DAILY_CONTRACT_FILE
SEC_24bbb0007db98326,BSE,2025-05-22,2026-06-29,375,2025-05-22,NSE_FO_contract_22052025.csv.gz,ab7c4bad9eb047075f0dfdfbc68365a4713265b282caeace5ebfc56b40aa3ffe,OFFICIAL_DAILY_CONTRACT_FILE
SEC_24bfa19941802ce4,JINDALSTEL,2024-07-01,2026-08-12,625,2024-07-01,NSE_FO_contract_01072024.csv.gz,d1d6d16bc4c362661ee1ea77c1bae938b18bea016697fafc2ee00c52a2c13a0c,OFFICIAL_DAILY_CONTRACT_FILE
SEC_255d13dc0cce44c9,PAYTM,2024-11-28,2025-06-25,650,2024-11-28,NSE_FO_contract_28112024.csv.gz,3cd76037fc337fc91858f75850f723f2f95df5a50eb1e33f56d8f0faa097ea1e,OFFICIAL_DAILY_CONTRACT_FILE
SEC_255d13dc0cce44c9,PAYTM,2025-04-24,2026-08-12,725,2025-04-24,NSE_FO_contract_24042025.csv.gz,d5d15a4ba92b76a42ca5062762479e19c904802aa293618b287baf2217213975,OFFICIAL_DAILY_CONTRACT_FILE
SEC_2596b5de00299c84,RVNL,2025-05-29,2025-12-29,1375,2025-05-29,NSE_FO_contract_29052025.csv.gz,7f2761e73cbd0d9a692638f0135730bd7ec8df8736a346f901062558c35d18fd,OFFICIAL_DAILY_CONTRACT_FILE
SEC_2596b5de00299c84,RVNL,2025-10-28,2026-06-29,1525,2025-10-28,NSE_FO_contract_28102025.csv.gz,35279f961edc944bfaee7f67aeb838605ba1901e465a216d724f7106ffbfb4c0,OFFICIAL_DAILY_CONTRACT_FILE
SEC_2596b5de00299c84,RVNL,2026-04-28,2026-08-12,1925,2026-04-28,NSE_FO_contract_28042026.csv.gz,d8c239b3ad29e90a35b89b83333e4767d16182d92d8bf161a4382260a69fa7f7,OFFICIAL_DAILY_CONTRACT_FILE
SEC_26b785f45c57c044,COCHINSHIP,2026-03-30,2026-08-12,400,2026-03-30,NSE_FO_contract_30032026.csv.gz,6d1c57fb6c5187998aa02ba99ef42286d9f340477fbfd2da4125fcdb0a8a068a,OFFICIAL_DAILY_CONTRACT_FILE
SEC_27c44af07d00a204,POWERGRID,2024-10-31,2025-06-25,1800,2024-10-31,NSE_FO_contract_31102024.csv.gz,1e900d0dbfd98cec9727a5d260781cf6e10eb8ae62942b405b6d33ae421cf7fe,OFFICIAL_DAILY_CONTRACT_FILE
SEC_27c44af07d00a204,POWERGRID,2025-04-24,2026-08-12,1900,2025-04-24,NSE_FO_contract_24042025.csv.gz,d5d15a4ba92b76a42ca5062762479e19c904802aa293618b287baf2217213975,OFFICIAL_DAILY_CONTRACT_FILE
SEC_27c44af07d00a204,POWERGRID,2024-07-01,2024-10-30,3600,2024-07-01,NSE_FO_contract_01072024.csv.gz,d1d6d16bc4c362661ee1ea77c1bae938b18bea016697fafc2ee00c52a2c13a0c,OFFICIAL_DAILY_CONTRACT_FILE
SEC_2acf6d31e248d1b0,MUTHOOTFIN,2024-10-31,2026-08-12,275,2024-10-31,NSE_FO_contract_31102024.csv.gz,1e900d0dbfd98cec9727a5d260781cf6e10eb8ae62942b405b6d33ae421cf7fe,OFFICIAL_DAILY_CONTRACT_FILE
SEC_2acf6d31e248d1b0,MUTHOOTFIN,2024-07-01,2024-10-30,550,2024-07-01,NSE_FO_contract_01072024.csv.gz,d1d6d16bc4c362661ee1ea77c1bae938b18bea016697fafc2ee00c52a2c13a0c,OFFICIAL_DAILY_CONTRACT_FILE
SEC_2c712693ab308ec9,360ONE,2025-06-26,2026-08-12,500,2025-06-26,NSE_FO_contract_26062025.csv.gz,375f651e436a4554b917bf35e0087305d496c6b9f4cc1ed1b5b74f77abf682dc,OFFICIAL_DAILY_CONTRACT_FILE
SEC_2d7a9bf685ddb78a,DLF,2024-07-01,2026-06-29,825,2024-07-01,NSE_FO_contract_01072024.csv.gz,d1d6d16bc4c362661ee1ea77c1bae938b18bea016697fafc2ee00c52a2c13a0c,OFFICIAL_DAILY_CONTRACT_FILE
SEC_2d7a9bf685ddb78a,DLF,2026-04-28,2026-08-12,950,2026-04-28,NSE_FO_contract_28042026.csv.gz,d8c239b3ad29e90a35b89b83333e4767d16182d92d8bf161a4382260a69fa7f7,OFFICIAL_DAILY_CONTRACT_FILE
SEC_2ded3f7398e501ab,TORNTPOWER,2025-01-30,2025-12-29,375,2025-01-30,NSE_FO_contract_30012025.csv.gz,f22a4408b94abf6cc9710c1126a7467d8f1669f25249b52679e4e30ba24fdea6,OFFICIAL_DAILY_CONTRACT_FILE
SEC_2ded3f7398e501ab,TORNTPOWER,2025-10-28,2026-04-27,425,2025-10-28,NSE_FO_contract_28102025.csv.gz,35279f961edc944bfaee7f67aeb838605ba1901e465a216d724f7106ffbfb4c0,OFFICIAL_DAILY_CONTRACT_FILE
SEC_2e2b32f9cefbc220,LUPIN,2024-07-01,2026-08-12,425,2024-07-01,NSE_FO_contract_01072024.csv.gz,d1d6d16bc4c362661ee1ea77c1bae938b18bea016697fafc2ee00c52a2c13a0c,OFFICIAL_DAILY_CONTRACT_FILE
SEC_30a431bd914f7e98,APLAPOLLO,2024-11-28,2026-08-12,350,2024-11-28,NSE_FO_contract_28112024.csv.gz,3cd76037fc337fc91858f75850f723f2f95df5a50eb1e33f56d8f0faa097ea1e,OFFICIAL_DAILY_CONTRACT_FILE
SEC_314b88d62139de04,CANBK,2024-07-01,2026-08-12,6750,2024-07-01,NSE_FO_contract_01072024.csv.gz,d1d6d16bc4c362661ee1ea77c1bae938b18bea016697fafc2ee00c52a2c13a0c,OFFICIAL_DAILY_CONTRACT_FILE
SEC_322ce75a581f804e,KALYANKJIL,2024-11-28,2025-06-25,775,2024-11-28,NSE_FO_contract_28112024.csv.gz,3cd76037fc337fc91858f75850f723f2f95df5a50eb1e33f56d8f0faa097ea1e,OFFICIAL_DAILY_CONTRACT_FILE
SEC_322ce75a581f804e,KALYANKJIL,2025-04-24,2026-06-29,1175,2025-04-24,NSE_FO_contract_24042025.csv.gz,d5d15a4ba92b76a42ca5062762479e19c904802aa293618b287baf2217213975,OFFICIAL_DAILY_CONTRACT_FILE
SEC_322ce75a581f804e,KALYANKJIL,2026-04-28,2026-08-12,1350,2026-04-28,NSE_FO_contract_28042026.csv.gz,d8c239b3ad29e90a35b89b83333e4767d16182d92d8bf161a4382260a69fa7f7,OFFICIAL_DAILY_CONTRACT_FILE
SEC_324d26554931cf95,ADANIENT,2024-07-01,2025-11-13,300,2024-07-01,NSE_FO_contract_01072024.csv.gz,d1d6d16bc4c362661ee1ea77c1bae938b18bea016697fafc2ee00c52a2c13a0c,OFFICIAL_DAILY_CONTRACT_FILE
SEC_324d26554931cf95,ADANIENT,2025-11-14,2026-08-12,309,2025-11-14,NSE_FO_contract_14112025.csv.gz,9ada26478fcb224d96039003de9970b204ab25ca1a76879d4f280aa7564d2090,OFFICIAL_DAILY_CONTRACT_FILE
SEC_342a539c06db8806,HEROMOTOCO,2024-07-01,2026-08-12,150,2024-07-01,NSE_FO_contract_01072024.csv.gz,d1d6d16bc4c362661ee1ea77c1bae938b18bea016697fafc2ee00c52a2c13a0c,OFFICIAL_DAILY_CONTRACT_FILE
SEC_38ffad92da66b58c,SBIN,2024-07-01,2026-08-12,750,2024-07-01,NSE_FO_contract_01072024.csv.gz,d1d6d16bc4c362661ee1ea77c1bae938b18bea016697fafc2ee00c52a2c13a0c,OFFICIAL_DAILY_CONTRACT_FILE
SEC_395e278234b9de5b,AUBANK,2024-07-01,2026-08-12,1000,2024-07-01,NSE_FO_contract_01072024.csv.gz,d1d6d16bc4c362661ee1ea77c1bae938b18bea016697fafc2ee00c52a2c13a0c,OFFICIAL_DAILY_CONTRACT_FILE
SEC_39a309c485cfa097,HINDALCO,2025-10-28,2026-08-12,700,2025-10-28,NSE_FO_contract_28102025.csv.gz,35279f961edc944bfaee7f67aeb838605ba1901e465a216d724f7106ffbfb4c0,OFFICIAL_DAILY_CONTRACT_FILE
SEC_39a309c485cfa097,HINDALCO,2024-07-01,2025-10-27,1400,2024-07-01,NSE_FO_contract_01072024.csv.gz,d1d6d16bc4c362661ee1ea77c1bae938b18bea016697fafc2ee00c52a2c13a0c,OFFICIAL_DAILY_CONTRACT_FILE
SEC_3a12c36d310a149e,M&MFIN,2024-07-01,2025-05-12,2000,2024-07-01,NSE_FO_contract_01072024.csv.gz,d1d6d16bc4c362661ee1ea77c1bae938b18bea016697fafc2ee00c52a2c13a0c,OFFICIAL_DAILY_CONTRACT_FILE
SEC_3a12c36d310a149e,M&MFIN,2025-05-13,2025-07-30,2056,2025-05-13,NSE_FO_contract_13052025.csv.gz,3f1132a86ac34fb7452cee5273593879600120dee69c4b2a5e0157cd66181f58,OFFICIAL_DAILY_CONTRACT_FILE
SEC_3aaf345dc4f24cb8,INDUSINDBK,2024-07-01,2025-06-25,500,2024-07-01,NSE_FO_contract_01072024.csv.gz,d1d6d16bc4c362661ee1ea77c1bae938b18bea016697fafc2ee00c52a2c13a0c,OFFICIAL_DAILY_CONTRACT_FILE
SEC_3aaf345dc4f24cb8,INDUSINDBK,2025-04-24,2026-08-12,700,2025-04-24,NSE_FO_contract_24042025.csv.gz,d5d15a4ba92b76a42ca5062762479e19c904802aa293618b287baf2217213975,OFFICIAL_DAILY_CONTRACT_FILE
SEC_3ba316b61a9af0e2,IEX,2024-07-01,2026-06-29,3750,2024-07-01,NSE_FO_contract_01072024.csv.gz,d1d6d16bc4c362661ee1ea77c1bae938b18bea016697fafc2ee00c52a2c13a0c,OFFICIAL_DAILY_CONTRACT_FILE
SEC_3ba316b61a9af0e2,IEX,2026-04-28,2026-08-12,4350,2026-04-28,NSE_FO_contract_28042026.csv.gz,d8c239b3ad29e90a35b89b83333e4767d16182d92d8bf161a4382260a69fa7f7,OFFICIAL_DAILY_CONTRACT_FILE
SEC_3c47ae73d7596d87,NAUKRI,2024-10-31,2025-05-05,75,2024-10-31,NSE_FO_contract_31102024.csv.gz,1e900d0dbfd98cec9727a5d260781cf6e10eb8ae62942b405b6d33ae421cf7fe,OFFICIAL_DAILY_CONTRACT_FILE
SEC_3c47ae73d7596d87,NAUKRI,2024-07-01,2024-10-30,150,2024-07-01,NSE_FO_contract_01072024.csv.gz,d1d6d16bc4c362661ee1ea77c1bae938b18bea016697fafc2ee00c52a2c13a0c,OFFICIAL_DAILY_CONTRACT_FILE
SEC_3c47ae73d7596d87,NAUKRI,2025-05-06,2026-06-29,375,2025-05-06,NSE_FO_contract_06052025.csv.gz,f8126d65c0203ccf35f33aca805f9c701d22f5dce1a55663ba0936849cc1fd30,OFFICIAL_DAILY_CONTRACT_FILE
SEC_3c47ae73d7596d87,NAUKRI,2026-04-28,2026-08-12,550,2026-04-28,NSE_FO_contract_28042026.csv.gz,d8c239b3ad29e90a35b89b83333e4767d16182d92d8bf161a4382260a69fa7f7,OFFICIAL_DAILY_CONTRACT_FILE
SEC_3ca0568cad5a067b,NAM-INDIA,2026-03-30,2026-08-12,625,2026-03-30,NSE_FO_contract_30032026.csv.gz,6d1c57fb6c5187998aa02ba99ef42286d9f340477fbfd2da4125fcdb0a8a068a,OFFICIAL_DAILY_CONTRACT_FILE
SEC_3d7b916287590973,ANGELONE,2024-11-28,2025-06-25,200,2024-11-28,NSE_FO_contract_28112024.csv.gz,3cd76037fc337fc91858f75850f723f2f95df5a50eb1e33f56d8f0faa097ea1e,OFFICIAL_DAILY_CONTRACT_FILE
SEC_3d7b916287590973,ANGELONE,2025-04-24,2026-02-24,250,2025-04-24,NSE_FO_contract_24042025.csv.gz,d5d15a4ba92b76a42ca5062762479e19c904802aa293618b287baf2217213975,OFFICIAL_DAILY_CONTRACT_FILE
SEC_3d7b916287590973,ANGELONE,2026-02-25,2026-08-12,2500,2026-02-25,NSE_FO_contract_25022026.csv.gz,f61de193a2ac05ac151e76363a419cfd6597a965ad913ea7728af3597c3ac0ae,OFFICIAL_DAILY_CONTRACT_FILE
SEC_3e47ab2a73789fbe,SUZLON,2025-07-31,2025-12-29,8000,2025-07-31,NSE_FO_contract_31072025.csv.gz,8beb1ff9cdfd822b710d805037ab6b177c9130300337ea2cd621d1f4e40edd9b,OFFICIAL_DAILY_CONTRACT_FILE
SEC_3e47ab2a73789fbe,SUZLON,2025-10-28,2026-06-29,9025,2025-10-28,NSE_FO_contract_28102025.csv.gz,35279f961edc944bfaee7f67aeb838605ba1901e465a216d724f7106ffbfb4c0,OFFICIAL_DAILY_CONTRACT_FILE
SEC_3e47ab2a73789fbe,SUZLON,2026-04-28,2026-08-12,12700,2026-04-28,NSE_FO_contract_28042026.csv.gz,d8c239b3ad29e90a35b89b83333e4767d16182d92d8bf161a4382260a69fa7f7,OFFICIAL_DAILY_CONTRACT_FILE
SEC_3fd66d0c0004b795,BHEL,2024-07-01,2026-08-12,2625,2024-07-01,NSE_FO_contract_01072024.csv.gz,d1d6d16bc4c362661ee1ea77c1bae938b18bea016697fafc2ee00c52a2c13a0c,OFFICIAL_DAILY_CONTRACT_FILE
SEC_4180d2176e37c8f2,AMBER,2025-06-26,2026-08-12,100,2025-06-26,NSE_FO_contract_26062025.csv.gz,375f651e436a4554b917bf35e0087305d496c6b9f4cc1ed1b5b74f77abf682dc,OFFICIAL_DAILY_CONTRACT_FILE
SEC_41a7ff4bedb820f8,HINDCOPPER,2024-07-01,2025-07-30,2650,2024-07-01,NSE_FO_contract_01072024.csv.gz,d1d6d16bc4c362661ee1ea77c1bae938b18bea016697fafc2ee00c52a2c13a0c,OFFICIAL_DAILY_CONTRACT_FILE
SEC_41a93e88157ae6a0,BRITANNIA,2024-10-31,2025-06-25,100,2024-10-31,NSE_FO_contract_31102024.csv.gz,1e900d0dbfd98cec9727a5d260781cf6e10eb8ae62942b405b6d33ae421cf7fe,OFFICIAL_DAILY_CONTRACT_FILE
SEC_41a93e88157ae6a0,BRITANNIA,2025-04-24,2026-08-12,125,2025-04-24,NSE_FO_contract_24042025.csv.gz,d5d15a4ba92b76a42ca5062762479e19c904802aa293618b287baf2217213975,OFFICIAL_DAILY_CONTRACT_FILE
SEC_41a93e88157ae6a0,BRITANNIA,2024-07-01,2024-10-30,200,2024-07-01,NSE_FO_contract_01072024.csv.gz,d1d6d16bc4c362661ee1ea77c1bae938b18bea016697fafc2ee00c52a2c13a0c,OFFICIAL_DAILY_CONTRACT_FILE
SEC_42692de8dc79a392,NESTLEIND,2024-07-01,2025-06-25,200,2024-07-01,NSE_FO_contract_01072024.csv.gz,d1d6d16bc4c362661ee1ea77c1bae938b18bea016697fafc2ee00c52a2c13a0c,OFFICIAL_DAILY_CONTRACT_FILE
SEC_42692de8dc79a392,NESTLEIND,2025-04-24,2025-08-06,250,2025-04-24,NSE_FO_contract_24042025.csv.gz,d5d15a4ba92b76a42ca5062762479e19c904802aa293618b287baf2217213975,OFFICIAL_DAILY_CONTRACT_FILE
SEC_42692de8dc79a392,NESTLEIND,2025-08-07,2026-08-12,500,2025-08-07,NSE_FO_contract_07082025.csv.gz,2cd9bd8af1da6eef939f0a2a100512153d899f8b5f82e4233bafc6009492c34e,OFFICIAL_DAILY_CONTRACT_FILE
SEC_4322f4710ca32e0f,CROMPTON,2024-07-01,2026-06-29,1800,2024-07-01,NSE_FO_contract_01072024.csv.gz,d1d6d16bc4c362661ee1ea77c1bae938b18bea016697fafc2ee00c52a2c13a0c,OFFICIAL_DAILY_CONTRACT_FILE
SEC_4322f4710ca32e0f,CROMPTON,2026-04-28,2026-08-12,2150,2026-04-28,NSE_FO_contract_28042026.csv.gz,d8c239b3ad29e90a35b89b83333e4767d16182d92d8bf161a4382260a69fa7f7,OFFICIAL_DAILY_CONTRACT_FILE
SEC_43ed3ef99bce624d,SIEMENS,2024-10-31,2025-06-25,75,2024-10-31,NSE_FO_contract_31102024.csv.gz,1e900d0dbfd98cec9727a5d260781cf6e10eb8ae62942b405b6d33ae421cf7fe,OFFICIAL_DAILY_CONTRACT_FILE
SEC_43ed3ef99bce624d,SIEMENS,2025-04-24,2025-12-29,125,2025-04-24,NSE_FO_contract_24042025.csv.gz,d5d15a4ba92b76a42ca5062762479e19c904802aa293618b287baf2217213975,OFFICIAL_DAILY_CONTRACT_FILE
SEC_43ed3ef99bce624d,SIEMENS,2024-07-01,2024-10-30,150,2024-07-01,NSE_FO_contract_01072024.csv.gz,d1d6d16bc4c362661ee1ea77c1bae938b18bea016697fafc2ee00c52a2c13a0c,OFFICIAL_DAILY_CONTRACT_FILE
SEC_43ed3ef99bce624d,SIEMENS,2025-10-28,2026-08-12,175,2025-10-28,NSE_FO_contract_28102025.csv.gz,35279f961edc944bfaee7f67aeb838605ba1901e465a216d724f7106ffbfb4c0,OFFICIAL_DAILY_CONTRACT_FILE
SEC_442bf17de4f81124,TATACOMM,2024-10-31,2025-06-25,250,2024-10-31,NSE_FO_contract_31102024.csv.gz,1e900d0dbfd98cec9727a5d260781cf6e10eb8ae62942b405b6d33ae421cf7fe,OFFICIAL_DAILY_CONTRACT_FILE
SEC_442bf17de4f81124,TATACOMM,2025-04-24,2025-07-30,350,2025-04-24,NSE_FO_contract_24042025.csv.gz,d5d15a4ba92b76a42ca5062762479e19c904802aa293618b287baf2217213975,OFFICIAL_DAILY_CONTRACT_FILE
SEC_442bf17de4f81124,TATACOMM,2024-07-01,2024-10-30,500,2024-07-01,NSE_FO_contract_01072024.csv.gz,d1d6d16bc4c362661ee1ea77c1bae938b18bea016697fafc2ee00c52a2c13a0c,OFFICIAL_DAILY_CONTRACT_FILE
SEC_44e5c29261f9819d,SUNPHARMA,2024-07-01,2026-08-12,350,2024-07-01,NSE_FO_contract_01072024.csv.gz,d1d6d16bc4c362661ee1ea77c1bae938b18bea016697fafc2ee00c52a2c13a0c,OFFICIAL_DAILY_CONTRACT_FILE
SEC_4626b1e61f640e2b,GNFC,2024-07-01,2025-02-25,1300,2024-07-01,NSE_FO_contract_01072024.csv.gz,d1d6d16bc4c362661ee1ea77c1bae938b18bea016697fafc2ee00c52a2c13a0c,OFFICIAL_DAILY_CONTRACT_FILE
SEC_47bd00b8577d5ee8,ICICIGI,2024-10-31,2025-06-25,250,2024-10-31,NSE_FO_contract_31102024.csv.gz,1e900d0dbfd98cec9727a5d260781cf6e10eb8ae62942b405b6d33ae421cf7fe,OFFICIAL_DAILY_CONTRACT_FILE
SEC_47bd00b8577d5ee8,ICICIGI,2025-04-24,2026-08-12,325,2025-04-24,NSE_FO_contract_24042025.csv.gz,d5d15a4ba92b76a42ca5062762479e19c904802aa293618b287baf2217213975,OFFICIAL_DAILY_CONTRACT_FILE
SEC_47bd00b8577d5ee8,ICICIGI,2024-07-01,2024-10-30,500,2024-07-01,NSE_FO_contract_01072024.csv.gz,d1d6d16bc4c362661ee1ea77c1bae938b18bea016697fafc2ee00c52a2c13a0c,OFFICIAL_DAILY_CONTRACT_FILE
SEC_47e74d5ea6ad4908,COALINDIA,2024-10-31,2025-06-25,1050,2024-10-31,NSE_FO_contract_31102024.csv.gz,1e900d0dbfd98cec9727a5d260781cf6e10eb8ae62942b405b6d33ae421cf7fe,OFFICIAL_DAILY_CONTRACT_FILE
SEC_47e74d5ea6ad4908,COALINDIA,2025-04-24,2026-08-12,1350,2025-04-24,NSE_FO_contract_24042025.csv.gz,d5d15a4ba92b76a42ca5062762479e19c904802aa293618b287baf2217213975,OFFICIAL_DAILY_CONTRACT_FILE
SEC_47e74d5ea6ad4908,COALINDIA,2024-07-01,2024-10-30,2100,2024-07-01,NSE_FO_contract_01072024.csv.gz,d1d6d16bc4c362661ee1ea77c1bae938b18bea016697fafc2ee00c52a2c13a0c,OFFICIAL_DAILY_CONTRACT_FILE
SEC_494f2d622f9b35c6,UNITDSPR,2024-10-31,2025-06-25,350,2024-10-31,NSE_FO_contract_31102024.csv.gz,1e900d0dbfd98cec9727a5d260781cf6e10eb8ae62942b405b6d33ae421cf7fe,OFFICIAL_DAILY_CONTRACT_FILE
SEC_494f2d622f9b35c6,UNITDSPR,2025-04-24,2026-08-12,400,2025-04-24,NSE_FO_contract_24042025.csv.gz,d5d15a4ba92b76a42ca5062762479e19c904802aa293618b287baf2217213975,OFFICIAL_DAILY_CONTRACT_FILE
SEC_494f2d622f9b35c6,UNITDSPR,2024-07-01,2024-10-30,700,2024-07-01,NSE_FO_contract_01072024.csv.gz,d1d6d16bc4c362661ee1ea77c1bae938b18bea016697fafc2ee00c52a2c13a0c,OFFICIAL_DAILY_CONTRACT_FILE
SEC_4a7b090afd44b9fa,PGEL,2025-06-26,2025-12-29,700,2025-06-26,NSE_FO_contract_26062025.csv.gz,375f651e436a4554b917bf35e0087305d496c6b9f4cc1ed1b5b74f77abf682dc,OFFICIAL_DAILY_CONTRACT_FILE
SEC_4a7b090afd44b9fa,PGEL,2025-10-28,2026-08-12,950,2025-10-28,NSE_FO_contract_28102025.csv.gz,35279f961edc944bfaee7f67aeb838605ba1901e465a216d724f7106ffbfb4c0,OFFICIAL_DAILY_CONTRACT_FILE
SEC_4b82add956e833e7,EICHERMOT,2025-10-28,2026-08-12,100,2025-10-28,NSE_FO_contract_28102025.csv.gz,35279f961edc944bfaee7f67aeb838605ba1901e465a216d724f7106ffbfb4c0,OFFICIAL_DAILY_CONTRACT_FILE
SEC_4b82add956e833e7,EICHERMOT,2024-07-01,2025-12-29,175,2024-07-01,NSE_FO_contract_01072024.csv.gz,d1d6d16bc4c362661ee1ea77c1bae938b18bea016697fafc2ee00c52a2c13a0c,OFFICIAL_DAILY_CONTRACT_FILE
SEC_4b9699c4d89a65a6,GMRAIRPORT,2024-12-11,2025-06-25,5625,2024-12-11,NSE_FO_contract_11122024.csv.gz,e0b91b6778d0d4ba51031db0c3409f3762d9d9a4cd26b100a779d0cf6ab599ad,OFFICIAL_DAILY_CONTRACT_FILE
SEC_4b9699c4d89a65a6,GMRAIRPORT,2025-04-24,2026-08-12,6975,2025-04-24,NSE_FO_contract_24042025.csv.gz,d5d15a4ba92b76a42ca5062762479e19c904802aa293618b287baf2217213975,OFFICIAL_DAILY_CONTRACT_FILE
SEC_4b9699c4d89a65a6,GMRINFRA,2024-10-31,2024-12-09,5625,2024-10-31,NSE_FO_contract_31102024.csv.gz,1e900d0dbfd98cec9727a5d260781cf6e10eb8ae62942b405b6d33ae421cf7fe,OFFICIAL_DAILY_CONTRACT_FILE
SEC_4b9699c4d89a65a6,GMRINFRA,2024-07-01,2024-10-30,11250,2024-07-01,NSE_FO_contract_01072024.csv.gz,d1d6d16bc4c362661ee1ea77c1bae938b18bea016697fafc2ee00c52a2c13a0c,OFFICIAL_DAILY_CONTRACT_FILE
SEC_4bddf0e72cab772b,IDFCFIRSTB,2024-07-01,2025-06-25,7500,2024-07-01,NSE_FO_contract_01072024.csv.gz,d1d6d16bc4c362661ee1ea77c1bae938b18bea016697fafc2ee00c52a2c13a0c,OFFICIAL_DAILY_CONTRACT_FILE
SEC_4bddf0e72cab772b,IDFCFIRSTB,2025-04-24,2026-08-12,9275,2025-04-24,NSE_FO_contract_24042025.csv.gz,d5d15a4ba92b76a42ca5062762479e19c904802aa293618b287baf2217213975,OFFICIAL_DAILY_CONTRACT_FILE
SEC_4e8a9bd754076cc6,COLPAL,2024-10-31,2025-06-25,175,2024-10-31,NSE_FO_contract_31102024.csv.gz,1e900d0dbfd98cec9727a5d260781cf6e10eb8ae62942b405b6d33ae421cf7fe,OFFICIAL_DAILY_CONTRACT_FILE
SEC_4e8a9bd754076cc6,COLPAL,2025-04-24,2026-06-29,225,2025-04-24,NSE_FO_contract_24042025.csv.gz,d5d15a4ba92b76a42ca5062762479e19c904802aa293618b287baf2217213975,OFFICIAL_DAILY_CONTRACT_FILE
SEC_4e8a9bd754076cc6,COLPAL,2026-04-28,2026-08-12,275,2026-04-28,NSE_FO_contract_28042026.csv.gz,d8c239b3ad29e90a35b89b83333e4767d16182d92d8bf161a4382260a69fa7f7,OFFICIAL_DAILY_CONTRACT_FILE
SEC_4e8a9bd754076cc6,COLPAL,2024-07-01,2024-10-30,350,2024-07-01,NSE_FO_contract_01072024.csv.gz,d1d6d16bc4c362661ee1ea77c1bae938b18bea016697fafc2ee00c52a2c13a0c,OFFICIAL_DAILY_CONTRACT_FILE
SEC_4f466ce762bba96a,KOTAKBANK,2024-07-01,2026-01-12,400,2024-07-01,NSE_FO_contract_01072024.csv.gz,d1d6d16bc4c362661ee1ea77c1bae938b18bea016697fafc2ee00c52a2c13a0c,OFFICIAL_DAILY_CONTRACT_FILE
SEC_4f466ce762bba96a,KOTAKBANK,2026-01-13,2026-08-12,2000,2026-01-13,NSE_FO_contract_13012026.csv.gz,af582614daed660f8fe0af78b635225141b55b3e35304086fc588e20d7965776,OFFICIAL_DAILY_CONTRACT_FILE
SEC_4f49263a6c77b4dd,HUDCO,2024-11-28,2025-06-25,2425,2024-11-28,NSE_FO_contract_28112024.csv.gz,3cd76037fc337fc91858f75850f723f2f95df5a50eb1e33f56d8f0faa097ea1e,OFFICIAL_DAILY_CONTRACT_FILE
SEC_4f49263a6c77b4dd,HUDCO,2025-04-24,2026-04-27,2775,2025-04-24,NSE_FO_contract_24042025.csv.gz,d5d15a4ba92b76a42ca5062762479e19c904802aa293618b287baf2217213975,OFFICIAL_DAILY_CONTRACT_FILE
SEC_4f9f33cdc6fe8691,NMDC,2024-07-01,2024-12-24,4500,2024-07-01,NSE_FO_contract_01072024.csv.gz,d1d6d16bc4c362661ee1ea77c1bae938b18bea016697fafc2ee00c52a2c13a0c,OFFICIAL_DAILY_CONTRACT_FILE
SEC_4f9f33cdc6fe8691,NMDC,2025-10-28,2026-08-12,6750,2025-10-28,NSE_FO_contract_28102025.csv.gz,35279f961edc944bfaee7f67aeb838605ba1901e465a216d724f7106ffbfb4c0,OFFICIAL_DAILY_CONTRACT_FILE
SEC_4f9f33cdc6fe8691,NMDC,2024-12-26,2025-10-27,13500,2024-12-26,NSE_FO_contract_26122024.csv.gz,364ddbb14a2c10473b13d75393d5ab8242a269640e4941895c01e31220d68591,OFFICIAL_DAILY_CONTRACT_FILE
SEC_51296802ae92e7ad,POWERINDIA,2026-04-28,2026-08-12,25,2026-04-28,NSE_FO_contract_28042026.csv.gz,d8c239b3ad29e90a35b89b83333e4767d16182d92d8bf161a4382260a69fa7f7,OFFICIAL_DAILY_CONTRACT_FILE
SEC_51296802ae92e7ad,POWERINDIA,2025-09-30,2026-04-27,50,2025-09-30,NSE_FO_contract_30092025.csv.gz,c86189ff6c9b16c309d6c1c905b90365318a4c2e2bcf8884477f349aa335b46c,OFFICIAL_DAILY_CONTRACT_FILE
SEC_518869654bcec348,VBL,2024-11-28,2025-06-25,875,2024-11-28,NSE_FO_contract_28112024.csv.gz,3cd76037fc337fc91858f75850f723f2f95df5a50eb1e33f56d8f0faa097ea1e,OFFICIAL_DAILY_CONTRACT_FILE
SEC_518869654bcec348,VBL,2025-04-24,2025-12-29,1025,2025-04-24,NSE_FO_contract_24042025.csv.gz,d5d15a4ba92b76a42ca5062762479e19c904802aa293618b287baf2217213975,OFFICIAL_DAILY_CONTRACT_FILE
SEC_518869654bcec348,VBL,2025-10-28,2026-06-29,1125,2025-10-28,NSE_FO_contract_28102025.csv.gz,35279f961edc944bfaee7f67aeb838605ba1901e465a216d724f7106ffbfb4c0,OFFICIAL_DAILY_CONTRACT_FILE
SEC_518869654bcec348,VBL,2026-04-28,2026-08-12,1275,2026-04-28,NSE_FO_contract_28042026.csv.gz,d8c239b3ad29e90a35b89b83333e4767d16182d92d8bf161a4382260a69fa7f7,OFFICIAL_DAILY_CONTRACT_FILE
SEC_53072aef3ba11551,PPLPHARMA,2025-05-29,2025-12-29,2500,2025-05-29,NSE_FO_contract_29052025.csv.gz,7f2761e73cbd0d9a692638f0135730bd7ec8df8736a346f901062558c35d18fd,OFFICIAL_DAILY_CONTRACT_FILE
SEC_53072aef3ba11551,PPLPHARMA,2025-10-28,2026-04-27,2625,2025-10-28,NSE_FO_contract_28102025.csv.gz,35279f961edc944bfaee7f67aeb838605ba1901e465a216d724f7106ffbfb4c0,OFFICIAL_DAILY_CONTRACT_FILE
SEC_53f4fbd41c7fc969,ZYDUSLIFE,2024-07-01,2026-08-12,900,2024-07-01,NSE_FO_contract_01072024.csv.gz,d1d6d16bc4c362661ee1ea77c1bae938b18bea016697fafc2ee00c52a2c13a0c,OFFICIAL_DAILY_CONTRACT_FILE
SEC_5402795a818b657c,NATIONALUM,2026-04-28,2026-08-12,1875,2026-04-28,NSE_FO_contract_28042026.csv.gz,d8c239b3ad29e90a35b89b83333e4767d16182d92d8bf161a4382260a69fa7f7,OFFICIAL_DAILY_CONTRACT_FILE
SEC_5402795a818b657c,NATIONALUM,2024-07-01,2026-04-27,3750,2024-07-01,NSE_FO_contract_01072024.csv.gz,d1d6d16bc4c362661ee1ea77c1bae938b18bea016697fafc2ee00c52a2c13a0c,OFFICIAL_DAILY_CONTRACT_FILE
SEC_5546e025c0456d8b,FORTIS,2025-05-29,2026-08-12,775,2025-05-29,NSE_FO_contract_29052025.csv.gz,7f2761e73cbd0d9a692638f0135730bd7ec8df8736a346f901062558c35d18fd,OFFICIAL_DAILY_CONTRACT_FILE
SEC_564e4fcffd25f239,CHAMBLFERT,2025-04-24,2025-07-30,950,2025-04-24,NSE_FO_contract_24042025.csv.gz,d5d15a4ba92b76a42ca5062762479e19c904802aa293618b287baf2217213975,OFFICIAL_DAILY_CONTRACT_FILE
SEC_564e4fcffd25f239,CHAMBLFERT,2024-07-01,2025-04-23,1900,2024-07-01,NSE_FO_contract_01072024.csv.gz,d1d6d16bc4c362661ee1ea77c1bae938b18bea016697fafc2ee00c52a2c13a0c,OFFICIAL_DAILY_CONTRACT_FILE
SEC_57e345007d17ad2c,PIIND,2024-10-31,2025-06-25,125,2024-10-31,NSE_FO_contract_31102024.csv.gz,1e900d0dbfd98cec9727a5d260781cf6e10eb8ae62942b405b6d33ae421cf7fe,OFFICIAL_DAILY_CONTRACT_FILE
SEC_57e345007d17ad2c,PIIND,2025-04-24,2026-08-12,175,2025-04-24,NSE_FO_contract_24042025.csv.gz,d5d15a4ba92b76a42ca5062762479e19c904802aa293618b287baf2217213975,OFFICIAL_DAILY_CONTRACT_FILE
SEC_57e345007d17ad2c,PIIND,2024-07-01,2024-10-30,250,2024-07-01,NSE_FO_contract_01072024.csv.gz,d1d6d16bc4c362661ee1ea77c1bae938b18bea016697fafc2ee00c52a2c13a0c,OFFICIAL_DAILY_CONTRACT_FILE
SEC_588a7367fe98e6d9,ESCORTS,2024-10-31,2025-05-28,150,2024-10-31,NSE_FO_contract_31102024.csv.gz,1e900d0dbfd98cec9727a5d260781cf6e10eb8ae62942b405b6d33ae421cf7fe,OFFICIAL_DAILY_CONTRACT_FILE
SEC_588a7367fe98e6d9,ESCORTS,2024-07-01,2024-12-24,275,2024-07-01,NSE_FO_contract_01072024.csv.gz,d1d6d16bc4c362661ee1ea77c1bae938b18bea016697fafc2ee00c52a2c13a0c,OFFICIAL_DAILY_CONTRACT_FILE
SEC_5a29d7b7ad73dac7,PNB,2024-07-01,2026-08-12,8000,2024-07-01,NSE_FO_contract_01072024.csv.gz,d1d6d16bc4c362661ee1ea77c1bae938b18bea016697fafc2ee00c52a2c13a0c,OFFICIAL_DAILY_CONTRACT_FILE
SEC_5b001ccc3b1692c6,TECHM,2024-07-01,2026-08-12,600,2024-07-01,NSE_FO_contract_01072024.csv.gz,d1d6d16bc4c362661ee1ea77c1bae938b18bea016697fafc2ee00c52a2c13a0c,OFFICIAL_DAILY_CONTRACT_FILE
SEC_5ba44df37b39866c,BALRAMCHIN,2024-07-01,2024-10-30,1600,2024-07-01,NSE_FO_contract_01072024.csv.gz,d1d6d16bc4c362661ee1ea77c1bae938b18bea016697fafc2ee00c52a2c13a0c,OFFICIAL_DAILY_CONTRACT_FILE
SEC_5d368991d8dca7c7,MPHASIS,2024-07-01,2026-08-12,275,2024-07-01,NSE_FO_contract_01072024.csv.gz,d1d6d16bc4c362661ee1ea77c1bae938b18bea016697fafc2ee00c52a2c13a0c,OFFICIAL_DAILY_CONTRACT_FILE
SEC_5dcf6ef375288f52,MRF,2024-07-01,2025-05-28,5,2024-07-01,NSE_FO_contract_01072024.csv.gz,d1d6d16bc4c362661ee1ea77c1bae938b18bea016697fafc2ee00c52a2c13a0c,OFFICIAL_DAILY_CONTRACT_FILE
SEC_5fec543d25e48d40,BHARATFORG,2024-07-01,2026-08-12,500,2024-07-01,NSE_FO_contract_01072024.csv.gz,d1d6d16bc4c362661ee1ea77c1bae938b18bea016697fafc2ee00c52a2c13a0c,OFFICIAL_DAILY_CONTRACT_FILE
SEC_60e4dfe26374b6ef,BOSCHLTD,2024-07-01,2026-08-12,25,2024-07-01,NSE_FO_contract_01072024.csv.gz,d1d6d16bc4c362661ee1ea77c1bae938b18bea016697fafc2ee00c52a2c13a0c,OFFICIAL_DAILY_CONTRACT_FILE
SEC_6130b52e34191356,ABBOTINDIA,2024-07-01,2025-02-25,20,2024-07-01,NSE_FO_contract_01072024.csv.gz,d1d6d16bc4c362661ee1ea77c1bae938b18bea016697fafc2ee00c52a2c13a0c,OFFICIAL_DAILY_CONTRACT_FILE
SEC_613b996fe309e7b8,SAIL,2024-07-01,2025-06-25,4000,2024-07-01,NSE_FO_contract_01072024.csv.gz,d1d6d16bc4c362661ee1ea77c1bae938b18bea016697fafc2ee00c52a2c13a0c,OFFICIAL_DAILY_CONTRACT_FILE
SEC_613b996fe309e7b8,SAIL,2025-04-24,2026-08-12,4700,2025-04-24,NSE_FO_contract_24042025.csv.gz,d5d15a4ba92b76a42ca5062762479e19c904802aa293618b287baf2217213975,OFFICIAL_DAILY_CONTRACT_FILE
SEC_617d27cbb137327c,IDEA,2024-07-01,2025-06-25,40000,2024-07-01,NSE_FO_contract_01072024.csv.gz,d1d6d16bc4c362661ee1ea77c1bae938b18bea016697fafc2ee00c52a2c13a0c,OFFICIAL_DAILY_CONTRACT_FILE
SEC_617d27cbb137327c,IDEA,2025-04-24,2026-08-12,71475,2025-04-24,NSE_FO_contract_24042025.csv.gz,d5d15a4ba92b76a42ca5062762479e19c904802aa293618b287baf2217213975,OFFICIAL_DAILY_CONTRACT_FILE
SEC_61e2420a92c13bc2,RECLTD,2024-10-31,2025-06-25,1000,2024-10-31,NSE_FO_contract_31102024.csv.gz,1e900d0dbfd98cec9727a5d260781cf6e10eb8ae62942b405b6d33ae421cf7fe,OFFICIAL_DAILY_CONTRACT_FILE
SEC_61e2420a92c13bc2,RECLTD,2025-04-24,2025-12-29,1275,2025-04-24,NSE_FO_contract_24042025.csv.gz,d5d15a4ba92b76a42ca5062762479e19c904802aa293618b287baf2217213975,OFFICIAL_DAILY_CONTRACT_FILE
SEC_61e2420a92c13bc2,RECLTD,2025-10-28,2026-06-29,1400,2025-10-28,NSE_FO_contract_28102025.csv.gz,35279f961edc944bfaee7f67aeb838605ba1901e465a216d724f7106ffbfb4c0,OFFICIAL_DAILY_CONTRACT_FILE
SEC_61e2420a92c13bc2,RECLTD,2026-04-28,2026-08-12,1575,2026-04-28,NSE_FO_contract_28042026.csv.gz,d8c239b3ad29e90a35b89b83333e4767d16182d92d8bf161a4382260a69fa7f7,OFFICIAL_DAILY_CONTRACT_FILE
SEC_61e2420a92c13bc2,RECLTD,2024-07-01,2024-10-30,2000,2024-07-01,NSE_FO_contract_01072024.csv.gz,d1d6d16bc4c362661ee1ea77c1bae938b18bea016697fafc2ee00c52a2c13a0c,OFFICIAL_DAILY_CONTRACT_FILE
SEC_63cbd375f7a3e39f,VEDL,2024-10-31,2026-08-12,1150,2024-10-31,NSE_FO_contract_31102024.csv.gz,1e900d0dbfd98cec9727a5d260781cf6e10eb8ae62942b405b6d33ae421cf7fe,OFFICIAL_DAILY_CONTRACT_FILE
SEC_63cbd375f7a3e39f,VEDL,2024-07-01,2024-10-30,2300,2024-07-01,NSE_FO_contract_01072024.csv.gz,d1d6d16bc4c362661ee1ea77c1bae938b18bea016697fafc2ee00c52a2c13a0c,OFFICIAL_DAILY_CONTRACT_FILE
SEC_63f5927c8d848466,OIL,2024-11-28,2025-06-25,1075,2024-11-28,NSE_FO_contract_28112024.csv.gz,3cd76037fc337fc91858f75850f723f2f95df5a50eb1e33f56d8f0faa097ea1e,OFFICIAL_DAILY_CONTRACT_FILE
SEC_63f5927c8d848466,OIL,2025-04-24,2026-08-12,1400,2025-04-24,NSE_FO_contract_24042025.csv.gz,d5d15a4ba92b76a42ca5062762479e19c904802aa293618b287baf2217213975,OFFICIAL_DAILY_CONTRACT_FILE
SEC_64219415d2d5fb44,CHOLAFIN,2024-07-01,2026-08-12,625,2024-07-01,NSE_FO_contract_01072024.csv.gz,d1d6d16bc4c362661ee1ea77c1bae938b18bea016697fafc2ee00c52a2c13a0c,OFFICIAL_DAILY_CONTRACT_FILE
SEC_698f21be32697062,ASHOKLEY,2024-10-31,2025-07-14,2500,2024-10-31,NSE_FO_contract_31102024.csv.gz,1e900d0dbfd98cec9727a5d260781cf6e10eb8ae62942b405b6d33ae421cf7fe,OFFICIAL_DAILY_CONTRACT_FILE
SEC_698f21be32697062,ASHOKLEY,2024-07-01,2026-08-12,5000,2024-07-01,NSE_FO_contract_01072024.csv.gz,d1d6d16bc4c362661ee1ea77c1bae938b18bea016697fafc2ee00c52a2c13a0c,OFFICIAL_DAILY_CONTRACT_FILE
SEC_698f54726155d0cc,PFC,2024-07-01,2026-08-12,1300,2024-07-01,NSE_FO_contract_01072024.csv.gz,d1d6d16bc4c362661ee1ea77c1bae938b18bea016697fafc2ee00c52a2c13a0c,OFFICIAL_DAILY_CONTRACT_FILE
SEC_69b8f1b81e3d333f,SHRIRAMFIN,2024-10-31,2025-01-08,150,2024-10-31,NSE_FO_contract_31102024.csv.gz,1e900d0dbfd98cec9727a5d260781cf6e10eb8ae62942b405b6d33ae421cf7fe,OFFICIAL_DAILY_CONTRACT_FILE
SEC_69b8f1b81e3d333f,SHRIRAMFIN,2024-07-01,2024-10-30,300,2024-07-01,NSE_FO_contract_01072024.csv.gz,d1d6d16bc4c362661ee1ea77c1bae938b18bea016697fafc2ee00c52a2c13a0c,OFFICIAL_DAILY_CONTRACT_FILE
SEC_69b8f1b81e3d333f,SHRIRAMFIN,2025-01-09,2025-06-25,750,2025-01-09,NSE_FO_contract_09012025.csv.gz,46c58aa1429184a850366e79ec7e7fe968bb87f70335f7418301e395dcd6511c,OFFICIAL_DAILY_CONTRACT_FILE
SEC_69b8f1b81e3d333f,SHRIRAMFIN,2025-04-24,2026-08-12,825,2025-04-24,NSE_FO_contract_24042025.csv.gz,d5d15a4ba92b76a42ca5062762479e19c904802aa293618b287baf2217213975,OFFICIAL_DAILY_CONTRACT_FILE
SEC_6a7a375994dee493,ADANIENSOL,2024-11-28,2025-06-25,625,2024-11-28,NSE_FO_contract_28112024.csv.gz,3cd76037fc337fc91858f75850f723f2f95df5a50eb1e33f56d8f0faa097ea1e,OFFICIAL_DAILY_CONTRACT_FILE
SEC_6a7a375994dee493,ADANIENSOL,2025-04-24,2026-08-12,675,2025-04-24,NSE_FO_contract_24042025.csv.gz,d5d15a4ba92b76a42ca5062762479e19c904802aa293618b287baf2217213975,OFFICIAL_DAILY_CONTRACT_FILE
SEC_6b46f24a1bf69e5d,ADANIGREEN,2024-11-28,2025-06-25,375,2024-11-28,NSE_FO_contract_28112024.csv.gz,3cd76037fc337fc91858f75850f723f2f95df5a50eb1e33f56d8f0faa097ea1e,OFFICIAL_DAILY_CONTRACT_FILE
SEC_6b46f24a1bf69e5d,ADANIGREEN,2025-04-24,2026-08-12,600,2025-04-24,NSE_FO_contract_24042025.csv.gz,d5d15a4ba92b76a42ca5062762479e19c904802aa293618b287baf2217213975,OFFICIAL_DAILY_CONTRACT_FILE
SEC_6c4dde5aa116c1b9,MAXHEALTH,2024-11-28,2026-08-12,525,2024-11-28,NSE_FO_contract_28112024.csv.gz,3cd76037fc337fc91858f75850f723f2f95df5a50eb1e33f56d8f0faa097ea1e,OFFICIAL_DAILY_CONTRACT_FILE
SEC_6cc4188d513239c6,INDHOTEL,2024-07-01,2026-08-12,1000,2024-07-01,NSE_FO_contract_01072024.csv.gz,d1d6d16bc4c362661ee1ea77c1bae938b18bea016697fafc2ee00c52a2c13a0c,OFFICIAL_DAILY_CONTRACT_FILE
SEC_6d9f70e701c7bb71,CANFINHOME,2024-07-01,2025-02-25,975,2024-07-01,NSE_FO_contract_01072024.csv.gz,d1d6d16bc4c362661ee1ea77c1bae938b18bea016697fafc2ee00c52a2c13a0c,OFFICIAL_DAILY_CONTRACT_FILE
SEC_6f504be876bc7860,BDL,2025-05-29,2025-12-29,325,2025-05-29,NSE_FO_contract_29052025.csv.gz,7f2761e73cbd0d9a692638f0135730bd7ec8df8736a346f901062558c35d18fd,OFFICIAL_DAILY_CONTRACT_FILE
SEC_6f504be876bc7860,BDL,2025-10-28,2026-06-29,350,2025-10-28,NSE_FO_contract_28102025.csv.gz,35279f961edc944bfaee7f67aeb838605ba1901e465a216d724f7106ffbfb4c0,OFFICIAL_DAILY_CONTRACT_FILE
SEC_6f504be876bc7860,BDL,2026-04-28,2026-08-12,425,2026-04-28,NSE_FO_contract_28042026.csv.gz,d8c239b3ad29e90a35b89b83333e4767d16182d92d8bf161a4382260a69fa7f7,OFFICIAL_DAILY_CONTRACT_FILE
SEC_717b663cea1e75c6,MANAPPURAM,2024-07-01,2026-08-12,3000,2024-07-01,NSE_FO_contract_01072024.csv.gz,d1d6d16bc4c362661ee1ea77c1bae938b18bea016697fafc2ee00c52a2c13a0c,OFFICIAL_DAILY_CONTRACT_FILE
SEC_735d75a996a03de2,APOLLOTYRE,2024-07-01,2025-05-28,1700,2024-07-01,NSE_FO_contract_01072024.csv.gz,d1d6d16bc4c362661ee1ea77c1bae938b18bea016697fafc2ee00c52a2c13a0c,OFFICIAL_DAILY_CONTRACT_FILE
SEC_739644953f7e2cf1,BAJAJHLDNG,2025-12-30,2026-06-29,50,2025-12-30,NSE_FO_contract_30122025.csv.gz,416b2340d3f91c273076fe5777b1ece6bf2486c4f31b1c76e4fb8a96d1aff283,OFFICIAL_DAILY_CONTRACT_FILE
SEC_739644953f7e2cf1,BAJAJHLDNG,2026-04-28,2026-08-12,75,2026-04-28,NSE_FO_contract_28042026.csv.gz,d8c239b3ad29e90a35b89b83333e4767d16182d92d8bf161a4382260a69fa7f7,OFFICIAL_DAILY_CONTRACT_FILE
SEC_756236f9dd05e59c,DMART,2024-11-28,2026-08-12,150,2024-11-28,NSE_FO_contract_28112024.csv.gz,3cd76037fc337fc91858f75850f723f2f95df5a50eb1e33f56d8f0faa097ea1e,OFFICIAL_DAILY_CONTRACT_FILE
SEC_75a0c807a815619d,GUJGASLTD,2024-07-01,2025-02-25,1250,2024-07-01,NSE_FO_contract_01072024.csv.gz,d1d6d16bc4c362661ee1ea77c1bae938b18bea016697fafc2ee00c52a2c13a0c,OFFICIAL_DAILY_CONTRACT_FILE
SEC_75d187a581d27dd8,HINDZINC,2025-03-27,2026-08-12,1225,2025-03-27,NSE_FO_contract_27032025.csv.gz,c6e1c635e8c64b635c72c527dcd5c7f7a5394cd4f829174895071242ed3e0a39,OFFICIAL_DAILY_CONTRACT_FILE
SEC_765d245a0886d662,OFSS,2024-10-31,2025-06-25,50,2024-10-31,NSE_FO_contract_31102024.csv.gz,1e900d0dbfd98cec9727a5d260781cf6e10eb8ae62942b405b6d33ae421cf7fe,OFFICIAL_DAILY_CONTRACT_FILE
SEC_765d245a0886d662,OFSS,2025-04-24,2026-06-29,75,2025-04-24,NSE_FO_contract_24042025.csv.gz,d5d15a4ba92b76a42ca5062762479e19c904802aa293618b287baf2217213975,OFFICIAL_DAILY_CONTRACT_FILE
SEC_765d245a0886d662,OFSS,2024-07-01,2026-08-12,100,2024-07-01,NSE_FO_contract_01072024.csv.gz,d1d6d16bc4c362661ee1ea77c1bae938b18bea016697fafc2ee00c52a2c13a0c,OFFICIAL_DAILY_CONTRACT_FILE
SEC_76a940d26f468620,TRENT,2024-10-31,2026-06-02,100,2024-10-31,NSE_FO_contract_31102024.csv.gz,1e900d0dbfd98cec9727a5d260781cf6e10eb8ae62942b405b6d33ae421cf7fe,OFFICIAL_DAILY_CONTRACT_FILE
SEC_76a940d26f468620,TRENT,2026-04-28,2026-06-29,150,2026-04-28,NSE_FO_contract_28042026.csv.gz,d8c239b3ad29e90a35b89b83333e4767d16182d92d8bf161a4382260a69fa7f7,OFFICIAL_DAILY_CONTRACT_FILE
SEC_76a940d26f468620,TRENT,2024-07-01,2024-10-30,200,2024-07-01,NSE_FO_contract_01072024.csv.gz,d1d6d16bc4c362661ee1ea77c1bae938b18bea016697fafc2ee00c52a2c13a0c,OFFICIAL_DAILY_CONTRACT_FILE
SEC_76a940d26f468620,TRENT,2026-06-03,2026-08-12,225,2026-06-03,NSE_FO_contract_03062026.csv.gz,223dc5eaab0a4b559595a26877705c8785c8cdad4f1497a83c01c4090a7c18f3,OFFICIAL_DAILY_CONTRACT_FILE
SEC_78a6d1c5dd26d660,ABB,2024-07-01,2026-08-12,125,2024-07-01,NSE_FO_contract_01072024.csv.gz,d1d6d16bc4c362661ee1ea77c1bae938b18bea016697fafc2ee00c52a2c13a0c,OFFICIAL_DAILY_CONTRACT_FILE
SEC_790f9b291c58cbc2,MGL,2024-07-01,2025-07-30,400,2024-07-01,NSE_FO_contract_01072024.csv.gz,d1d6d16bc4c362661ee1ea77c1bae938b18bea016697fafc2ee00c52a2c13a0c,OFFICIAL_DAILY_CONTRACT_FILE
SEC_7a5f6e01dcdf4a2a,BAJAJ-AUTO,2024-07-01,2026-08-12,75,2024-07-01,NSE_FO_contract_01072024.csv.gz,d1d6d16bc4c362661ee1ea77c1bae938b18bea016697fafc2ee00c52a2c13a0c,OFFICIAL_DAILY_CONTRACT_FILE
SEC_7c5846cf2b5b1b4f,WIPRO,2024-07-01,2024-11-29,1500,2024-07-01,NSE_FO_contract_01072024.csv.gz,d1d6d16bc4c362661ee1ea77c1bae938b18bea016697fafc2ee00c52a2c13a0c,OFFICIAL_DAILY_CONTRACT_FILE
SEC_7c5846cf2b5b1b4f,WIPRO,2024-12-02,2026-08-12,3000,2024-12-02,NSE_FO_contract_02122024.csv.gz,b2e5517265e9da2d849eb67ec832c0ed289ffaf68d196fd9c0d1e2dd331c1cba,OFFICIAL_DAILY_CONTRACT_FILE
SEC_7d22cd61e815d461,TATATECH,2025-02-27,2025-06-25,700,2025-02-27,NSE_FO_contract_27022025.csv.gz,6608cf3335ac4dd94683dd74e1b56da076eaaf41099cbfe602ad49854f2e0a65,OFFICIAL_DAILY_CONTRACT_FILE
SEC_7d22cd61e815d461,TATATECH,2025-04-24,2026-04-27,800,2025-04-24,NSE_FO_contract_24042025.csv.gz,d5d15a4ba92b76a42ca5062762479e19c904802aa293618b287baf2217213975,OFFICIAL_DAILY_CONTRACT_FILE
SEC_7d5bfd174d62bdbb,RELIANCE,2024-07-01,2024-10-24,250,2024-07-01,NSE_FO_contract_01072024.csv.gz,d1d6d16bc4c362661ee1ea77c1bae938b18bea016697fafc2ee00c52a2c13a0c,OFFICIAL_DAILY_CONTRACT_FILE
SEC_7d5bfd174d62bdbb,RELIANCE,2024-10-25,2026-08-12,500,2024-10-25,NSE_FO_contract_25102024.csv.gz,741f42e3d5718301d2e42b3da1fad95fa1322e7849d34972acca1d93b2407605,OFFICIAL_DAILY_CONTRACT_FILE
SEC_7e4b348aac743659,PATANJALI,2025-02-27,2025-09-09,300,2025-02-27,NSE_FO_contract_27022025.csv.gz,6608cf3335ac4dd94683dd74e1b56da076eaaf41099cbfe602ad49854f2e0a65,OFFICIAL_DAILY_CONTRACT_FILE
SEC_7e4b348aac743659,PATANJALI,2025-09-10,2026-06-29,900,2025-09-10,NSE_FO_contract_10092025.csv.gz,ad833206ce3483df65191cc8384da71e34f7882f59fef67092f26f2288078cf4,OFFICIAL_DAILY_CONTRACT_FILE
SEC_7e4b348aac743659,PATANJALI,2026-04-28,2026-08-12,1075,2026-04-28,NSE_FO_contract_28042026.csv.gz,d8c239b3ad29e90a35b89b83333e4767d16182d92d8bf161a4382260a69fa7f7,OFFICIAL_DAILY_CONTRACT_FILE
SEC_805481a52d884386,AMBUJACEM,2024-07-01,2025-06-25,900,2024-07-01,NSE_FO_contract_01072024.csv.gz,d1d6d16bc4c362661ee1ea77c1bae938b18bea016697fafc2ee00c52a2c13a0c,OFFICIAL_DAILY_CONTRACT_FILE
SEC_805481a52d884386,AMBUJACEM,2025-04-24,2026-06-29,1050,2025-04-24,NSE_FO_contract_24042025.csv.gz,d5d15a4ba92b76a42ca5062762479e19c904802aa293618b287baf2217213975,OFFICIAL_DAILY_CONTRACT_FILE
SEC_805481a52d884386,AMBUJACEM,2026-04-28,2026-08-12,1200,2026-04-28,NSE_FO_contract_28042026.csv.gz,d8c239b3ad29e90a35b89b83333e4767d16182d92d8bf161a4382260a69fa7f7,OFFICIAL_DAILY_CONTRACT_FILE
SEC_8192737e01cdb58d,BSOFT,2024-07-01,2025-06-25,1000,2024-07-01,NSE_FO_contract_01072024.csv.gz,d1d6d16bc4c362661ee1ea77c1bae938b18bea016697fafc2ee00c52a2c13a0c,OFFICIAL_DAILY_CONTRACT_FILE
SEC_8192737e01cdb58d,BSOFT,2025-04-24,2025-07-30,1300,2025-04-24,NSE_FO_contract_24042025.csv.gz,d5d15a4ba92b76a42ca5062762479e19c904802aa293618b287baf2217213975,OFFICIAL_DAILY_CONTRACT_FILE
SEC_824739ed9f9b0b4f,HAL,2024-10-31,2026-08-12,150,2024-10-31,NSE_FO_contract_31102024.csv.gz,1e900d0dbfd98cec9727a5d260781cf6e10eb8ae62942b405b6d33ae421cf7fe,OFFICIAL_DAILY_CONTRACT_FILE
SEC_824739ed9f9b0b4f,HAL,2024-07-01,2024-10-30,300,2024-07-01,NSE_FO_contract_01072024.csv.gz,d1d6d16bc4c362661ee1ea77c1bae938b18bea016697fafc2ee00c52a2c13a0c,OFFICIAL_DAILY_CONTRACT_FILE
SEC_831b9ea6656ead96,HINDUNILVR,2024-07-01,2026-08-12,300,2024-07-01,NSE_FO_contract_01072024.csv.gz,d1d6d16bc4c362661ee1ea77c1bae938b18bea016697fafc2ee00c52a2c13a0c,OFFICIAL_DAILY_CONTRACT_FILE
SEC_84207cb517edb1ae,MFSL,2025-10-28,2026-08-12,400,2025-10-28,NSE_FO_contract_28102025.csv.gz,35279f961edc944bfaee7f67aeb838605ba1901e465a216d724f7106ffbfb4c0,OFFICIAL_DAILY_CONTRACT_FILE
SEC_84207cb517edb1ae,MFSL,2024-07-01,2025-10-27,800,2024-07-01,NSE_FO_contract_01072024.csv.gz,d1d6d16bc4c362661ee1ea77c1bae938b18bea016697fafc2ee00c52a2c13a0c,OFFICIAL_DAILY_CONTRACT_FILE
SEC_85557e61b1b404a4,BANKINDIA,2024-11-28,2025-06-25,4825,2024-11-28,NSE_FO_contract_28112024.csv.gz,3cd76037fc337fc91858f75850f723f2f95df5a50eb1e33f56d8f0faa097ea1e,OFFICIAL_DAILY_CONTRACT_FILE
SEC_85557e61b1b404a4,BANKINDIA,2025-04-24,2026-08-12,5200,2025-04-24,NSE_FO_contract_24042025.csv.gz,d5d15a4ba92b76a42ca5062762479e19c904802aa293618b287baf2217213975,OFFICIAL_DAILY_CONTRACT_FILE
SEC_85b64b1e67c22c75,BANDHANBNK,2024-07-01,2025-06-25,2800,2024-07-01,NSE_FO_contract_01072024.csv.gz,d1d6d16bc4c362661ee1ea77c1bae938b18bea016697fafc2ee00c52a2c13a0c,OFFICIAL_DAILY_CONTRACT_FILE
SEC_85b64b1e67c22c75,BANDHANBNK,2025-04-24,2026-08-12,3600,2025-04-24,NSE_FO_contract_24042025.csv.gz,d5d15a4ba92b76a42ca5062762479e19c904802aa293618b287baf2217213975,OFFICIAL_DAILY_CONTRACT_FILE
SEC_86bada3234a0830d,GODREJCP,2024-07-01,2026-08-12,500,2024-07-01,NSE_FO_contract_01072024.csv.gz,d1d6d16bc4c362661ee1ea77c1bae938b18bea016697fafc2ee00c52a2c13a0c,OFFICIAL_DAILY_CONTRACT_FILE
SEC_887f57b25cc5dce7,LICHSGFIN,2024-07-01,2026-08-12,1000,2024-07-01,NSE_FO_contract_01072024.csv.gz,d1d6d16bc4c362661ee1ea77c1bae938b18bea016697fafc2ee00c52a2c13a0c,OFFICIAL_DAILY_CONTRACT_FILE
SEC_88dd6728b42700f1,MARUTI,2024-07-01,2026-08-12,50,2024-07-01,NSE_FO_contract_01072024.csv.gz,d1d6d16bc4c362661ee1ea77c1bae938b18bea016697fafc2ee00c52a2c13a0c,OFFICIAL_DAILY_CONTRACT_FILE
SEC_893c25e228e59174,NTPC,2024-07-01,2026-08-12,1500,2024-07-01,NSE_FO_contract_01072024.csv.gz,d1d6d16bc4c362661ee1ea77c1bae938b18bea016697fafc2ee00c52a2c13a0c,OFFICIAL_DAILY_CONTRACT_FILE
SEC_8c8fbe83d79e9dd1,SUNTV,2024-10-31,2025-02-25,750,2024-10-31,NSE_FO_contract_31102024.csv.gz,1e900d0dbfd98cec9727a5d260781cf6e10eb8ae62942b405b6d33ae421cf7fe,OFFICIAL_DAILY_CONTRACT_FILE
SEC_8c8fbe83d79e9dd1,SUNTV,2024-07-01,2024-10-30,1500,2024-07-01,NSE_FO_contract_01072024.csv.gz,d1d6d16bc4c362661ee1ea77c1bae938b18bea016697fafc2ee00c52a2c13a0c,OFFICIAL_DAILY_CONTRACT_FILE
SEC_8c9319f2d2025698,VMM,2026-03-30,2026-08-12,4850,2026-03-30,NSE_FO_contract_30032026.csv.gz,6d1c57fb6c5187998aa02ba99ef42286d9f340477fbfd2da4125fcdb0a8a068a,OFFICIAL_DAILY_CONTRACT_FILE
SEC_8d670fe7b65edb15,TCS,2024-07-01,2026-06-29,175,2024-07-01,NSE_FO_contract_01072024.csv.gz,d1d6d16bc4c362661ee1ea77c1bae938b18bea016697fafc2ee00c52a2c13a0c,OFFICIAL_DAILY_CONTRACT_FILE
SEC_8d670fe7b65edb15,TCS,2026-04-28,2026-08-12,225,2026-04-28,NSE_FO_contract_28042026.csv.gz,d8c239b3ad29e90a35b89b83333e4767d16182d92d8bf161a4382260a69fa7f7,OFFICIAL_DAILY_CONTRACT_FILE
SEC_8e1021ee8dc7b0b7,RBLBANK,2024-07-01,2025-06-25,2500,2024-07-01,NSE_FO_contract_01072024.csv.gz,d1d6d16bc4c362661ee1ea77c1bae938b18bea016697fafc2ee00c52a2c13a0c,OFFICIAL_DAILY_CONTRACT_FILE
SEC_8e1021ee8dc7b0b7,RBLBANK,2025-04-24,2026-08-12,3175,2025-04-24,NSE_FO_contract_24042025.csv.gz,d5d15a4ba92b76a42ca5062762479e19c904802aa293618b287baf2217213975,OFFICIAL_DAILY_CONTRACT_FILE
SEC_8e926dac2a2a0b92,TATAPOWER,2024-07-01,2025-06-25,1350,2024-07-01,NSE_FO_contract_01072024.csv.gz,d1d6d16bc4c362661ee1ea77c1bae938b18bea016697fafc2ee00c52a2c13a0c,OFFICIAL_DAILY_CONTRACT_FILE
SEC_8e926dac2a2a0b92,TATAPOWER,2025-04-24,2026-08-12,1450,2025-04-24,NSE_FO_contract_24042025.csv.gz,d5d15a4ba92b76a42ca5062762479e19c904802aa293618b287baf2217213975,OFFICIAL_DAILY_CONTRACT_FILE
SEC_90bd09ef14533b05,MOTHERSON,2024-10-31,2025-06-25,3550,2024-10-31,NSE_FO_contract_31102024.csv.gz,1e900d0dbfd98cec9727a5d260781cf6e10eb8ae62942b405b6d33ae421cf7fe,OFFICIAL_DAILY_CONTRACT_FILE
SEC_90bd09ef14533b05,MOTHERSON,2025-04-24,2025-07-16,4100,2025-04-24,NSE_FO_contract_24042025.csv.gz,d5d15a4ba92b76a42ca5062762479e19c904802aa293618b287baf2217213975,OFFICIAL_DAILY_CONTRACT_FILE
SEC_90bd09ef14533b05,MOTHERSON,2025-07-17,2026-08-12,6150,2025-07-17,NSE_FO_contract_17072025.csv.gz,1555a36d81fcc832662b18822645e377b512cbb37344c453de4f0306993ab40f,OFFICIAL_DAILY_CONTRACT_FILE
SEC_90bd09ef14533b05,MOTHERSON,2024-07-01,2024-10-30,7100,2024-07-01,NSE_FO_contract_01072024.csv.gz,d1d6d16bc4c362661ee1ea77c1bae938b18bea016697fafc2ee00c52a2c13a0c,OFFICIAL_DAILY_CONTRACT_FILE
SEC_92a50bfb1a010489,MARICO,2024-07-01,2026-08-12,1200,2024-07-01,NSE_FO_contract_01072024.csv.gz,d1d6d16bc4c362661ee1ea77c1bae938b18bea016697fafc2ee00c52a2c13a0c,OFFICIAL_DAILY_CONTRACT_FILE
SEC_931a478a40274287,INDIAMART,2024-07-01,2025-02-25,300,2024-07-01,NSE_FO_contract_01072024.csv.gz,d1d6d16bc4c362661ee1ea77c1bae938b18bea016697fafc2ee00c52a2c13a0c,OFFICIAL_DAILY_CONTRACT_FILE
SEC_9364df31adf171d3,MANKIND,2025-05-29,2026-06-29,225,2025-05-29,NSE_FO_contract_29052025.csv.gz,7f2761e73cbd0d9a692638f0135730bd7ec8df8736a346f901062558c35d18fd,OFFICIAL_DAILY_CONTRACT_FILE
SEC_9364df31adf171d3,MANKIND,2026-04-28,2026-08-12,250,2026-04-28,NSE_FO_contract_28042026.csv.gz,d8c239b3ad29e90a35b89b83333e4767d16182d92d8bf161a4382260a69fa7f7,OFFICIAL_DAILY_CONTRACT_FILE
SEC_95612967cd017688,CAMS,2024-11-28,2025-06-25,125,2024-11-28,NSE_FO_contract_28112024.csv.gz,3cd76037fc337fc91858f75850f723f2f95df5a50eb1e33f56d8f0faa097ea1e,OFFICIAL_DAILY_CONTRACT_FILE
SEC_95612967cd017688,CAMS,2025-04-24,2025-12-03,150,2025-04-24,NSE_FO_contract_24042025.csv.gz,d5d15a4ba92b76a42ca5062762479e19c904802aa293618b287baf2217213975,OFFICIAL_DAILY_CONTRACT_FILE
SEC_95612967cd017688,CAMS,2025-12-04,2026-06-29,750,2025-12-04,NSE_FO_contract_04122025.csv.gz,14d5f0ca2858dfaf37c15817ae8e9b930603b59a43f909f11f9c8c80e5f731a2,OFFICIAL_DAILY_CONTRACT_FILE
SEC_95612967cd017688,CAMS,2026-04-28,2026-08-12,825,2026-04-28,NSE_FO_contract_28042026.csv.gz,d8c239b3ad29e90a35b89b83333e4767d16182d92d8bf161a4382260a69fa7f7,OFFICIAL_DAILY_CONTRACT_FILE
SEC_96626654b591be8f,ASTRAL,2024-07-01,2025-06-25,367,2024-07-01,NSE_FO_contract_01072024.csv.gz,d1d6d16bc4c362661ee1ea77c1bae938b18bea016697fafc2ee00c52a2c13a0c,OFFICIAL_DAILY_CONTRACT_FILE
SEC_96626654b591be8f,ASTRAL,2025-04-24,2026-08-12,425,2025-04-24,NSE_FO_contract_24042025.csv.gz,d5d15a4ba92b76a42ca5062762479e19c904802aa293618b287baf2217213975,OFFICIAL_DAILY_CONTRACT_FILE
SEC_97f61d8d3fb98b4a,DRREDDY,2024-07-01,2024-10-24,125,2024-07-01,NSE_FO_contract_01072024.csv.gz,d1d6d16bc4c362661ee1ea77c1bae938b18bea016697fafc2ee00c52a2c13a0c,OFFICIAL_DAILY_CONTRACT_FILE
SEC_97f61d8d3fb98b4a,DRREDDY,2024-10-25,2026-08-12,625,2024-10-25,NSE_FO_contract_25102024.csv.gz,741f42e3d5718301d2e42b3da1fad95fa1322e7849d34972acca1d93b2407605,OFFICIAL_DAILY_CONTRACT_FILE
SEC_98d0a8aed546494b,IRFC,2024-11-28,2025-06-25,3525,2024-11-28,NSE_FO_contract_28112024.csv.gz,3cd76037fc337fc91858f75850f723f2f95df5a50eb1e33f56d8f0faa097ea1e,OFFICIAL_DAILY_CONTRACT_FILE
SEC_98d0a8aed546494b,IRFC,2025-04-24,2026-06-29,4250,2025-04-24,NSE_FO_contract_24042025.csv.gz,d5d15a4ba92b76a42ca5062762479e19c904802aa293618b287baf2217213975,OFFICIAL_DAILY_CONTRACT_FILE
SEC_98d0a8aed546494b,IRFC,2026-04-28,2026-08-12,5425,2026-04-28,NSE_FO_contract_28042026.csv.gz,d8c239b3ad29e90a35b89b83333e4767d16182d92d8bf161a4382260a69fa7f7,OFFICIAL_DAILY_CONTRACT_FILE
SEC_98d7557a4b8f64c3,POONAWALLA,2024-11-28,2025-06-25,1450,2024-11-28,NSE_FO_contract_28112024.csv.gz,3cd76037fc337fc91858f75850f723f2f95df5a50eb1e33f56d8f0faa097ea1e,OFFICIAL_DAILY_CONTRACT_FILE
SEC_98d7557a4b8f64c3,POONAWALLA,2025-04-24,2025-08-26,1700,2025-04-24,NSE_FO_contract_24042025.csv.gz,d5d15a4ba92b76a42ca5062762479e19c904802aa293618b287baf2217213975,OFFICIAL_DAILY_CONTRACT_FILE
SEC_99c421c0bf81fed4,IRB,2024-11-28,2025-06-25,10250,2024-11-28,NSE_FO_contract_28112024.csv.gz,3cd76037fc337fc91858f75850f723f2f95df5a50eb1e33f56d8f0faa097ea1e,OFFICIAL_DAILY_CONTRACT_FILE
SEC_99c421c0bf81fed4,IRB,2025-04-24,2025-08-26,11675,2025-04-24,NSE_FO_contract_24042025.csv.gz,d5d15a4ba92b76a42ca5062762479e19c904802aa293618b287baf2217213975,OFFICIAL_DAILY_CONTRACT_FILE
SEC_9b7a445e59f73337,KAYNES,2025-05-29,2026-06-29,100,2025-05-29,NSE_FO_contract_29052025.csv.gz,7f2761e73cbd0d9a692638f0135730bd7ec8df8736a346f901062558c35d18fd,OFFICIAL_DAILY_CONTRACT_FILE
SEC_9b7a445e59f73337,KAYNES,2026-04-28,2026-08-12,150,2026-04-28,NSE_FO_contract_28042026.csv.gz,d8c239b3ad29e90a35b89b83333e4767d16182d92d8bf161a4382260a69fa7f7,OFFICIAL_DAILY_CONTRACT_FILE
SEC_9c3cf831071ba0b3,ETERNAL,2025-04-09,2025-06-25,2000,2025-04-09,NSE_FO_contract_09042025.csv.gz,d62fcfd16e4dbc2be4015018f912a73207841fe912e03b9a6705aaa2694fcead,OFFICIAL_DAILY_CONTRACT_FILE
SEC_9c3cf831071ba0b3,ETERNAL,2025-04-24,2026-08-12,2425,2025-04-24,NSE_FO_contract_24042025.csv.gz,d5d15a4ba92b76a42ca5062762479e19c904802aa293618b287baf2217213975,OFFICIAL_DAILY_CONTRACT_FILE
SEC_9c3cf831071ba0b3,ZOMATO,2024-11-28,2025-04-07,2000,2024-11-28,NSE_FO_contract_28112024.csv.gz,3cd76037fc337fc91858f75850f723f2f95df5a50eb1e33f56d8f0faa097ea1e,OFFICIAL_DAILY_CONTRACT_FILE
SEC_9c7a47526570da5a,ABFRL,2024-07-01,2025-08-26,2600,2024-07-01,NSE_FO_contract_01072024.csv.gz,d1d6d16bc4c362661ee1ea77c1bae938b18bea016697fafc2ee00c52a2c13a0c,OFFICIAL_DAILY_CONTRACT_FILE
SEC_9cb4771e7e7e04a2,HDFCBANK,2024-07-01,2026-06-29,550,2024-07-01,NSE_FO_contract_01072024.csv.gz,d1d6d16bc4c362661ee1ea77c1bae938b18bea016697fafc2ee00c52a2c13a0c,OFFICIAL_DAILY_CONTRACT_FILE
SEC_9cb4771e7e7e04a2,HDFCBANK,2026-04-28,2026-08-12,650,2026-04-28,NSE_FO_contract_28042026.csv.gz,d8c239b3ad29e90a35b89b83333e4767d16182d92d8bf161a4382260a69fa7f7,OFFICIAL_DAILY_CONTRACT_FILE
SEC_9cb4771e7e7e04a2,HDFCBANK,2025-08-25,2025-10-27,1100,2025-08-25,NSE_FO_contract_25082025.csv.gz,ac61051faf7ac629f2d8e7fbbf5f140a1baab88779999f7f15d0c9f48a795e7e,OFFICIAL_DAILY_CONTRACT_FILE
SEC_9e04bbc46a8ba64e,PIDILITIND,2024-07-01,2025-09-19,250,2024-07-01,NSE_FO_contract_01072024.csv.gz,d1d6d16bc4c362661ee1ea77c1bae938b18bea016697fafc2ee00c52a2c13a0c,OFFICIAL_DAILY_CONTRACT_FILE
SEC_9e04bbc46a8ba64e,PIDILITIND,2025-09-22,2026-08-12,500,2025-09-22,NSE_FO_contract_22092025.csv.gz,485209eebd02149d5ce46215b26745954de8e79dc1e3a825ea694f4df4780065,OFFICIAL_DAILY_CONTRACT_FILE
SEC_9e9aad3443e9781a,ADANIPOWER,2026-03-30,2026-08-12,3550,2026-03-30,NSE_FO_contract_30032026.csv.gz,6d1c57fb6c5187998aa02ba99ef42286d9f340477fbfd2da4125fcdb0a8a068a,OFFICIAL_DAILY_CONTRACT_FILE
SEC_9eaecefd41c96c31,IREDA,2025-02-27,2025-06-25,2900,2025-02-27,NSE_FO_contract_27022025.csv.gz,6608cf3335ac4dd94683dd74e1b56da076eaaf41099cbfe602ad49854f2e0a65,OFFICIAL_DAILY_CONTRACT_FILE
SEC_9eaecefd41c96c31,IREDA,2025-04-24,2026-06-29,3450,2025-04-24,NSE_FO_contract_24042025.csv.gz,d5d15a4ba92b76a42ca5062762479e19c904802aa293618b287baf2217213975,OFFICIAL_DAILY_CONTRACT_FILE
SEC_9eaecefd41c96c31,IREDA,2026-04-28,2026-08-12,4525,2026-04-28,NSE_FO_contract_28042026.csv.gz,d8c239b3ad29e90a35b89b83333e4767d16182d92d8bf161a4382260a69fa7f7,OFFICIAL_DAILY_CONTRACT_FILE
SEC_9eedfbb6d62533cd,FEDERALBNK,2026-04-28,2026-08-12,2500,2026-04-28,NSE_FO_contract_28042026.csv.gz,d8c239b3ad29e90a35b89b83333e4767d16182d92d8bf161a4382260a69fa7f7,OFFICIAL_DAILY_CONTRACT_FILE
SEC_9eedfbb6d62533cd,FEDERALBNK,2024-07-01,2026-04-27,5000,2024-07-01,NSE_FO_contract_01072024.csv.gz,d1d6d16bc4c362661ee1ea77c1bae938b18bea016697fafc2ee00c52a2c13a0c,OFFICIAL_DAILY_CONTRACT_FILE
SEC_a052b2a2895c1b41,SUPREMEIND,2024-11-28,2025-06-25,125,2024-11-28,NSE_FO_contract_28112024.csv.gz,3cd76037fc337fc91858f75850f723f2f95df5a50eb1e33f56d8f0faa097ea1e,OFFICIAL_DAILY_CONTRACT_FILE
SEC_a052b2a2895c1b41,SUPREMEIND,2025-04-24,2026-08-12,175,2025-04-24,NSE_FO_contract_24042025.csv.gz,d5d15a4ba92b76a42ca5062762479e19c904802aa293618b287baf2217213975,OFFICIAL_DAILY_CONTRACT_FILE
SEC_a07a61a488b22fce,ULTRACEMCO,2024-10-31,2026-08-12,50,2024-10-31,NSE_FO_contract_31102024.csv.gz,1e900d0dbfd98cec9727a5d260781cf6e10eb8ae62942b405b6d33ae421cf7fe,OFFICIAL_DAILY_CONTRACT_FILE
SEC_a07a61a488b22fce,ULTRACEMCO,2024-07-01,2024-10-30,100,2024-07-01,NSE_FO_contract_01072024.csv.gz,d1d6d16bc4c362661ee1ea77c1bae938b18bea016697fafc2ee00c52a2c13a0c,OFFICIAL_DAILY_CONTRACT_FILE
SEC_a1f31f14d17ed2de,UNOMINDA,2025-05-29,2026-08-12,550,2025-05-29,NSE_FO_contract_29052025.csv.gz,7f2761e73cbd0d9a692638f0135730bd7ec8df8736a346f901062558c35d18fd,OFFICIAL_DAILY_CONTRACT_FILE
SEC_a26bbcf1fdfb69bc,BPCL,2024-07-01,2025-06-25,1800,2024-07-01,NSE_FO_contract_01072024.csv.gz,d1d6d16bc4c362661ee1ea77c1bae938b18bea016697fafc2ee00c52a2c13a0c,OFFICIAL_DAILY_CONTRACT_FILE
SEC_a26bbcf1fdfb69bc,BPCL,2025-04-24,2026-08-12,1975,2025-04-24,NSE_FO_contract_24042025.csv.gz,d5d15a4ba92b76a42ca5062762479e19c904802aa293618b287baf2217213975,OFFICIAL_DAILY_CONTRACT_FILE
SEC_a28801944ed183fc,ASIANPAINT,2024-07-01,2025-06-25,200,2024-07-01,NSE_FO_contract_01072024.csv.gz,d1d6d16bc4c362661ee1ea77c1bae938b18bea016697fafc2ee00c52a2c13a0c,OFFICIAL_DAILY_CONTRACT_FILE
SEC_a28801944ed183fc,ASIANPAINT,2025-04-24,2026-08-12,250,2025-04-24,NSE_FO_contract_24042025.csv.gz,d5d15a4ba92b76a42ca5062762479e19c904802aa293618b287baf2217213975,OFFICIAL_DAILY_CONTRACT_FILE
SEC_a3b264de2cf8a648,GRASIM,2024-07-01,2026-08-12,250,2024-07-01,NSE_FO_contract_01072024.csv.gz,d1d6d16bc4c362661ee1ea77c1bae938b18bea016697fafc2ee00c52a2c13a0c,OFFICIAL_DAILY_CONTRACT_FILE
SEC_a40913cb255dca2f,CDSL,2024-11-28,2025-06-25,350,2024-11-28,NSE_FO_contract_28112024.csv.gz,3cd76037fc337fc91858f75850f723f2f95df5a50eb1e33f56d8f0faa097ea1e,OFFICIAL_DAILY_CONTRACT_FILE
SEC_a40913cb255dca2f,CDSL,2025-04-24,2026-08-12,475,2025-04-24,NSE_FO_contract_24042025.csv.gz,d5d15a4ba92b76a42ca5062762479e19c904802aa293618b287baf2217213975,OFFICIAL_DAILY_CONTRACT_FILE
SEC_a44d1ab506bcfd18,INFY,2024-07-01,2026-08-12,400,2024-07-01,NSE_FO_contract_01072024.csv.gz,d1d6d16bc4c362661ee1ea77c1bae938b18bea016697fafc2ee00c52a2c13a0c,OFFICIAL_DAILY_CONTRACT_FILE
SEC_a5651ec17fd0279a,PNBHOUSING,2025-03-27,2026-08-12,650,2025-03-27,NSE_FO_contract_27032025.csv.gz,c6e1c635e8c64b635c72c527dcd5c7f7a5394cd4f829174895071242ed3e0a39,OFFICIAL_DAILY_CONTRACT_FILE
SEC_a5939acdf0feebb8,BLUESTARCO,2025-05-29,2026-08-12,325,2025-05-29,NSE_FO_contract_29052025.csv.gz,7f2761e73cbd0d9a692638f0135730bd7ec8df8736a346f901062558c35d18fd,OFFICIAL_DAILY_CONTRACT_FILE
SEC_a6f0dfa437318a39,GVT&D,2026-05-26,2026-08-12,125,2026-05-26,NSE_FO_contract_26052026.csv.gz,37d6a421a3a890476975b82f801fad7fbeeb7cc49a9ba18473c4da84308bdfbb,OFFICIAL_DAILY_CONTRACT_FILE
SEC_a98ef6310149ea9f,TATAMOTORS,2024-07-01,2025-06-25,550,2024-07-01,NSE_FO_contract_01072024.csv.gz,d1d6d16bc4c362661ee1ea77c1bae938b18bea016697fafc2ee00c52a2c13a0c,OFFICIAL_DAILY_CONTRACT_FILE
SEC_a98ef6310149ea9f,TATAMOTORS,2025-04-24,2025-10-21,800,2025-04-24,NSE_FO_contract_24042025.csv.gz,d5d15a4ba92b76a42ca5062762479e19c904802aa293618b287baf2217213975,OFFICIAL_DAILY_CONTRACT_FILE
SEC_a98ef6310149ea9f,TMPV,2025-10-24,2026-06-29,800,2025-10-24,NSE_FO_contract_24102025.csv.gz,6464b3593ac912786b5cd1c7c7b9a2eb48fc803f9279f4c46e68f549d03bcefd,OFFICIAL_DAILY_CONTRACT_FILE
SEC_a98ef6310149ea9f,TMPV,2026-04-28,2026-08-12,1600,2026-04-28,NSE_FO_contract_28042026.csv.gz,d8c239b3ad29e90a35b89b83333e4767d16182d92d8bf161a4382260a69fa7f7,OFFICIAL_DAILY_CONTRACT_FILE
SEC_a9c4bb6760a9efa9,KFINTECH,2025-06-26,2025-12-29,450,2025-06-26,NSE_FO_contract_26062025.csv.gz,375f651e436a4554b917bf35e0087305d496c6b9f4cc1ed1b5b74f77abf682dc,OFFICIAL_DAILY_CONTRACT_FILE
SEC_a9c4bb6760a9efa9,KFINTECH,2025-10-28,2026-06-29,500,2025-10-28,NSE_FO_contract_28102025.csv.gz,35279f961edc944bfaee7f67aeb838605ba1901e465a216d724f7106ffbfb4c0,OFFICIAL_DAILY_CONTRACT_FILE
SEC_a9c4bb6760a9efa9,KFINTECH,2026-04-28,2026-08-12,575,2026-04-28,NSE_FO_contract_28042026.csv.gz,d8c239b3ad29e90a35b89b83333e4767d16182d92d8bf161a4382260a69fa7f7,OFFICIAL_DAILY_CONTRACT_FILE
SEC_ad3567d82cce8db3,MCX,2024-10-31,2025-06-25,100,2024-10-31,NSE_FO_contract_31102024.csv.gz,1e900d0dbfd98cec9727a5d260781cf6e10eb8ae62942b405b6d33ae421cf7fe,OFFICIAL_DAILY_CONTRACT_FILE
SEC_ad3567d82cce8db3,MCX,2025-04-24,2025-12-31,125,2025-04-24,NSE_FO_contract_24042025.csv.gz,d5d15a4ba92b76a42ca5062762479e19c904802aa293618b287baf2217213975,OFFICIAL_DAILY_CONTRACT_FILE
SEC_ad3567d82cce8db3,MCX,2024-07-01,2024-10-30,200,2024-07-01,NSE_FO_contract_01072024.csv.gz,d1d6d16bc4c362661ee1ea77c1bae938b18bea016697fafc2ee00c52a2c13a0c,OFFICIAL_DAILY_CONTRACT_FILE
SEC_ad3567d82cce8db3,MCX,2026-04-28,2026-08-12,225,2026-04-28,NSE_FO_contract_28042026.csv.gz,d8c239b3ad29e90a35b89b83333e4767d16182d92d8bf161a4382260a69fa7f7,OFFICIAL_DAILY_CONTRACT_FILE
SEC_ad3567d82cce8db3,MCX,2026-01-01,2026-06-29,625,2026-01-01,NSE_FO_contract_01012026.csv.gz,243b470b0bbc531d85d3227a339a08e3508e199fdee674bfa06c37c1589e1d41,OFFICIAL_DAILY_CONTRACT_FILE
SEC_adb589f77f4ae39f,APOLLOHOSP,2024-07-01,2026-08-12,125,2024-07-01,NSE_FO_contract_01072024.csv.gz,d1d6d16bc4c362661ee1ea77c1bae938b18bea016697fafc2ee00c52a2c13a0c,OFFICIAL_DAILY_CONTRACT_FILE
SEC_ae4a8346e3556577,BHARTIARTL,2024-07-01,2026-08-12,475,2024-07-01,NSE_FO_contract_01072024.csv.gz,d1d6d16bc4c362661ee1ea77c1bae938b18bea016697fafc2ee00c52a2c13a0c,OFFICIAL_DAILY_CONTRACT_FILE
SEC_af87644b6a0f405c,ATUL,2024-07-01,2025-02-25,100,2024-07-01,NSE_FO_contract_01072024.csv.gz,d1d6d16bc4c362661ee1ea77c1bae938b18bea016697fafc2ee00c52a2c13a0c,OFFICIAL_DAILY_CONTRACT_FILE
SEC_afaf4c10d9625a0c,NHPC,2024-11-28,2026-06-29,6400,2024-11-28,NSE_FO_contract_28112024.csv.gz,3cd76037fc337fc91858f75850f723f2f95df5a50eb1e33f56d8f0faa097ea1e,OFFICIAL_DAILY_CONTRACT_FILE
SEC_afaf4c10d9625a0c,NHPC,2026-04-28,2026-08-12,6950,2026-04-28,NSE_FO_contract_28042026.csv.gz,d8c239b3ad29e90a35b89b83333e4767d16182d92d8bf161a4382260a69fa7f7,OFFICIAL_DAILY_CONTRACT_FILE
SEC_b14f44ae308dcdfb,INDUSTOWER,2024-10-31,2026-08-12,1700,2024-10-31,NSE_FO_contract_31102024.csv.gz,1e900d0dbfd98cec9727a5d260781cf6e10eb8ae62942b405b6d33ae421cf7fe,OFFICIAL_DAILY_CONTRACT_FILE
SEC_b14f44ae308dcdfb,INDUSTOWER,2024-07-01,2024-10-30,3400,2024-07-01,NSE_FO_contract_01072024.csv.gz,d1d6d16bc4c362661ee1ea77c1bae938b18bea016697fafc2ee00c52a2c13a0c,OFFICIAL_DAILY_CONTRACT_FILE
SEC_b22b8ca8094b5986,HAVELLS,2024-07-01,2026-08-12,500,2024-07-01,NSE_FO_contract_01072024.csv.gz,d1d6d16bc4c362661ee1ea77c1bae938b18bea016697fafc2ee00c52a2c13a0c,OFFICIAL_DAILY_CONTRACT_FILE
SEC_b285f3647c83ee60,SOLARINDS,2025-10-28,2026-08-12,50,2025-10-28,NSE_FO_contract_28102025.csv.gz,35279f961edc944bfaee7f67aeb838605ba1901e465a216d724f7106ffbfb4c0,OFFICIAL_DAILY_CONTRACT_FILE
SEC_b285f3647c83ee60,SOLARINDS,2025-01-30,2025-12-29,75,2025-01-30,NSE_FO_contract_30012025.csv.gz,f22a4408b94abf6cc9710c1126a7467d8f1669f25249b52679e4e30ba24fdea6,OFFICIAL_DAILY_CONTRACT_FILE
SEC_b341d32d8018d605,SBICARD,2024-07-01,2026-08-12,800,2024-07-01,NSE_FO_contract_01072024.csv.gz,d1d6d16bc4c362661ee1ea77c1bae938b18bea016697fafc2ee00c52a2c13a0c,OFFICIAL_DAILY_CONTRACT_FILE
SEC_b3f39bd75ad50d9b,ACC,2024-07-01,2025-07-30,300,2024-07-01,NSE_FO_contract_01072024.csv.gz,d1d6d16bc4c362661ee1ea77c1bae938b18bea016697fafc2ee00c52a2c13a0c,OFFICIAL_DAILY_CONTRACT_FILE
SEC_b6d4dee8be61c79c,SBILIFE,2024-07-01,2026-08-12,375,2024-07-01,NSE_FO_contract_01072024.csv.gz,d1d6d16bc4c362661ee1ea77c1bae938b18bea016697fafc2ee00c52a2c13a0c,OFFICIAL_DAILY_CONTRACT_FILE
SEC_b71ba38077c2e8cb,BALKRISIND,2024-07-01,2025-07-30,300,2024-07-01,NSE_FO_contract_01072024.csv.gz,d1d6d16bc4c362661ee1ea77c1bae938b18bea016697fafc2ee00c52a2c13a0c,OFFICIAL_DAILY_CONTRACT_FILE
SEC_b7934eadf9d30bdb,TIINDIA,2024-11-28,2025-06-25,150,2024-11-28,NSE_FO_contract_28112024.csv.gz,3cd76037fc337fc91858f75850f723f2f95df5a50eb1e33f56d8f0faa097ea1e,OFFICIAL_DAILY_CONTRACT_FILE
SEC_b7934eadf9d30bdb,TIINDIA,2025-04-24,2026-08-12,200,2025-04-24,NSE_FO_contract_24042025.csv.gz,d5d15a4ba92b76a42ca5062762479e19c904802aa293618b287baf2217213975,OFFICIAL_DAILY_CONTRACT_FILE
SEC_b7c3c23f23f41ee1,CUB,2024-07-01,2025-02-25,5000,2024-07-01,NSE_FO_contract_01072024.csv.gz,d1d6d16bc4c362661ee1ea77c1bae938b18bea016697fafc2ee00c52a2c13a0c,OFFICIAL_DAILY_CONTRACT_FILE
SEC_b7f0697c15d38c74,POLYCAB,2024-07-01,2026-08-12,125,2024-07-01,NSE_FO_contract_01072024.csv.gz,d1d6d16bc4c362661ee1ea77c1bae938b18bea016697fafc2ee00c52a2c13a0c,OFFICIAL_DAILY_CONTRACT_FILE
SEC_b9a48b4c46e647ab,TATAELXSI,2024-11-28,2026-06-29,100,2024-11-28,NSE_FO_contract_28112024.csv.gz,3cd76037fc337fc91858f75850f723f2f95df5a50eb1e33f56d8f0faa097ea1e,OFFICIAL_DAILY_CONTRACT_FILE
SEC_b9a48b4c46e647ab,TATAELXSI,2026-04-28,2026-08-12,125,2026-04-28,NSE_FO_contract_28042026.csv.gz,d8c239b3ad29e90a35b89b83333e4767d16182d92d8bf161a4382260a69fa7f7,OFFICIAL_DAILY_CONTRACT_FILE
SEC_b9ead0c3d909bd4e,TORNTPHARM,2026-04-28,2026-08-12,125,2026-04-28,NSE_FO_contract_28042026.csv.gz,d8c239b3ad29e90a35b89b83333e4767d16182d92d8bf161a4382260a69fa7f7,OFFICIAL_DAILY_CONTRACT_FILE
SEC_b9ead0c3d909bd4e,TORNTPHARM,2024-07-01,2026-04-27,250,2024-07-01,NSE_FO_contract_01072024.csv.gz,d1d6d16bc4c362661ee1ea77c1bae938b18bea016697fafc2ee00c52a2c13a0c,OFFICIAL_DAILY_CONTRACT_FILE
SEC_ba38b19e27220285,GAIL,2024-10-31,2025-06-25,2350,2024-10-31,NSE_FO_contract_31102024.csv.gz,1e900d0dbfd98cec9727a5d260781cf6e10eb8ae62942b405b6d33ae421cf7fe,OFFICIAL_DAILY_CONTRACT_FILE
SEC_ba38b19e27220285,GAIL,2025-04-24,2026-06-29,3150,2025-04-24,NSE_FO_contract_24042025.csv.gz,d5d15a4ba92b76a42ca5062762479e19c904802aa293618b287baf2217213975,OFFICIAL_DAILY_CONTRACT_FILE
SEC_ba38b19e27220285,GAIL,2026-04-28,2026-08-12,3550,2026-04-28,NSE_FO_contract_28042026.csv.gz,d8c239b3ad29e90a35b89b83333e4767d16182d92d8bf161a4382260a69fa7f7,OFFICIAL_DAILY_CONTRACT_FILE
SEC_ba38b19e27220285,GAIL,2024-07-01,2024-12-24,4575,2024-07-01,NSE_FO_contract_01072024.csv.gz,d1d6d16bc4c362661ee1ea77c1bae938b18bea016697fafc2ee00c52a2c13a0c,OFFICIAL_DAILY_CONTRACT_FILE
SEC_ba93c61a293a8b58,POLICYBZR,2024-11-28,2025-06-25,325,2024-11-28,NSE_FO_contract_28112024.csv.gz,3cd76037fc337fc91858f75850f723f2f95df5a50eb1e33f56d8f0faa097ea1e,OFFICIAL_DAILY_CONTRACT_FILE
SEC_ba93c61a293a8b58,POLICYBZR,2025-04-24,2026-08-12,350,2025-04-24,NSE_FO_contract_24042025.csv.gz,d5d15a4ba92b76a42ca5062762479e19c904802aa293618b287baf2217213975,OFFICIAL_DAILY_CONTRACT_FILE
SEC_bafbd005f1c58839,NYKAA,2024-11-28,2025-06-25,2950,2024-11-28,NSE_FO_contract_28112024.csv.gz,3cd76037fc337fc91858f75850f723f2f95df5a50eb1e33f56d8f0faa097ea1e,OFFICIAL_DAILY_CONTRACT_FILE
SEC_bafbd005f1c58839,NYKAA,2025-04-24,2026-08-12,3125,2025-04-24,NSE_FO_contract_24042025.csv.gz,d5d15a4ba92b76a42ca5062762479e19c904802aa293618b287baf2217213975,OFFICIAL_DAILY_CONTRACT_FILE
SEC_bb274ba9a45a9cd8,COROMANDEL,2024-10-31,2025-02-25,350,2024-10-31,NSE_FO_contract_31102024.csv.gz,1e900d0dbfd98cec9727a5d260781cf6e10eb8ae62942b405b6d33ae421cf7fe,OFFICIAL_DAILY_CONTRACT_FILE
SEC_bb274ba9a45a9cd8,COROMANDEL,2024-07-01,2024-10-30,700,2024-07-01,NSE_FO_contract_01072024.csv.gz,d1d6d16bc4c362661ee1ea77c1bae938b18bea016697fafc2ee00c52a2c13a0c,OFFICIAL_DAILY_CONTRACT_FILE
SEC_bc225c43ae87b844,DIXON,2024-10-31,2026-08-12,50,2024-10-31,NSE_FO_contract_31102024.csv.gz,1e900d0dbfd98cec9727a5d260781cf6e10eb8ae62942b405b6d33ae421cf7fe,OFFICIAL_DAILY_CONTRACT_FILE
SEC_bc225c43ae87b844,DIXON,2024-07-01,2024-10-30,100,2024-07-01,NSE_FO_contract_01072024.csv.gz,d1d6d16bc4c362661ee1ea77c1bae938b18bea016697fafc2ee00c52a2c13a0c,OFFICIAL_DAILY_CONTRACT_FILE
SEC_bd2af9e79df96bf4,ONGC,2024-07-01,2025-06-25,1925,2024-07-01,NSE_FO_contract_01072024.csv.gz,d1d6d16bc4c362661ee1ea77c1bae938b18bea016697fafc2ee00c52a2c13a0c,OFFICIAL_DAILY_CONTRACT_FILE
SEC_bd2af9e79df96bf4,ONGC,2025-04-24,2026-08-12,2250,2025-04-24,NSE_FO_contract_24042025.csv.gz,d5d15a4ba92b76a42ca5062762479e19c904802aa293618b287baf2217213975,OFFICIAL_DAILY_CONTRACT_FILE
SEC_bd359de483c9164a,ALKEM,2024-07-01,2025-06-25,100,2024-07-01,NSE_FO_contract_01072024.csv.gz,d1d6d16bc4c362661ee1ea77c1bae938b18bea016697fafc2ee00c52a2c13a0c,OFFICIAL_DAILY_CONTRACT_FILE
SEC_bd359de483c9164a,ALKEM,2025-04-24,2026-08-12,125,2025-04-24,NSE_FO_contract_24042025.csv.gz,d5d15a4ba92b76a42ca5062762479e19c904802aa293618b287baf2217213975,OFFICIAL_DAILY_CONTRACT_FILE
SEC_be31aad734814ab6,DABUR,2024-07-01,2026-08-12,1250,2024-07-01,NSE_FO_contract_01072024.csv.gz,d1d6d16bc4c362661ee1ea77c1bae938b18bea016697fafc2ee00c52a2c13a0c,OFFICIAL_DAILY_CONTRACT_FILE
SEC_beb702314fdd37a8,ICICIPRULI,2024-10-31,2025-06-25,750,2024-10-31,NSE_FO_contract_31102024.csv.gz,1e900d0dbfd98cec9727a5d260781cf6e10eb8ae62942b405b6d33ae421cf7fe,OFFICIAL_DAILY_CONTRACT_FILE
SEC_beb702314fdd37a8,ICICIPRULI,2025-04-24,2026-08-12,925,2025-04-24,NSE_FO_contract_24042025.csv.gz,d5d15a4ba92b76a42ca5062762479e19c904802aa293618b287baf2217213975,OFFICIAL_DAILY_CONTRACT_FILE
SEC_beb702314fdd37a8,ICICIPRULI,2024-07-01,2024-10-30,1500,2024-07-01,NSE_FO_contract_01072024.csv.gz,d1d6d16bc4c362661ee1ea77c1bae938b18bea016697fafc2ee00c52a2c13a0c,OFFICIAL_DAILY_CONTRACT_FILE
SEC_bf472969e73703c5,SRF,2025-04-24,2026-08-12,200,2025-04-24,NSE_FO_contract_24042025.csv.gz,d5d15a4ba92b76a42ca5062762479e19c904802aa293618b287baf2217213975,OFFICIAL_DAILY_CONTRACT_FILE
SEC_bf472969e73703c5,SRF,2024-07-01,2025-06-25,375,2024-07-01,NSE_FO_contract_01072024.csv.gz,d1d6d16bc4c362661ee1ea77c1bae938b18bea016697fafc2ee00c52a2c13a0c,OFFICIAL_DAILY_CONTRACT_FILE
SEC_bf58951b27b989bc,CIPLA,2024-10-31,2025-06-25,325,2024-10-31,NSE_FO_contract_31102024.csv.gz,1e900d0dbfd98cec9727a5d260781cf6e10eb8ae62942b405b6d33ae421cf7fe,OFFICIAL_DAILY_CONTRACT_FILE
SEC_bf58951b27b989bc,CIPLA,2025-04-24,2026-06-29,375,2025-04-24,NSE_FO_contract_24042025.csv.gz,d5d15a4ba92b76a42ca5062762479e19c904802aa293618b287baf2217213975,OFFICIAL_DAILY_CONTRACT_FILE
SEC_bf58951b27b989bc,CIPLA,2026-04-28,2026-08-12,425,2026-04-28,NSE_FO_contract_28042026.csv.gz,d8c239b3ad29e90a35b89b83333e4767d16182d92d8bf161a4382260a69fa7f7,OFFICIAL_DAILY_CONTRACT_FILE
SEC_bf58951b27b989bc,CIPLA,2024-07-01,2024-10-30,650,2024-07-01,NSE_FO_contract_01072024.csv.gz,d1d6d16bc4c362661ee1ea77c1bae938b18bea016697fafc2ee00c52a2c13a0c,OFFICIAL_DAILY_CONTRACT_FILE
SEC_bfd6d43b3958f358,COFORGE,2024-10-31,2025-06-02,75,2024-10-31,NSE_FO_contract_31102024.csv.gz,1e900d0dbfd98cec9727a5d260781cf6e10eb8ae62942b405b6d33ae421cf7fe,OFFICIAL_DAILY_CONTRACT_FILE
SEC_bfd6d43b3958f358,COFORGE,2024-07-01,2024-10-30,150,2024-07-01,NSE_FO_contract_01072024.csv.gz,d1d6d16bc4c362661ee1ea77c1bae938b18bea016697fafc2ee00c52a2c13a0c,OFFICIAL_DAILY_CONTRACT_FILE
SEC_bfd6d43b3958f358,COFORGE,2025-06-03,2026-06-29,375,2025-06-03,NSE_FO_contract_03062025.csv.gz,9af8f664640f4f9615bf7068ee70ab512c54bbc01d137a10bc0427888a4b62fb,OFFICIAL_DAILY_CONTRACT_FILE
SEC_bfd6d43b3958f358,COFORGE,2026-04-28,2026-08-12,475,2026-04-28,NSE_FO_contract_28042026.csv.gz,d8c239b3ad29e90a35b89b83333e4767d16182d92d8bf161a4382260a69fa7f7,OFFICIAL_DAILY_CONTRACT_FILE
SEC_bff2f63c2d4f525f,SAMMAANCAP,2025-08-28,2026-06-29,4300,2025-08-28,NSE_FO_contract_28082025.csv.gz,dadcfe830a0928e2b52e8c376a177329ef26468151517059c4cf063d7543e8fa,OFFICIAL_DAILY_CONTRACT_FILE
SEC_c077dfc90505d70d,TITAN,2024-07-01,2026-08-12,175,2024-07-01,NSE_FO_contract_01072024.csv.gz,d1d6d16bc4c362661ee1ea77c1bae938b18bea016697fafc2ee00c52a2c13a0c,OFFICIAL_DAILY_CONTRACT_FILE
SEC_c2a412d23da53094,GODFRYPHLP,2026-03-30,2026-08-12,275,2026-03-30,NSE_FO_contract_30032026.csv.gz,6d1c57fb6c5187998aa02ba99ef42286d9f340477fbfd2da4125fcdb0a8a068a,OFFICIAL_DAILY_CONTRACT_FILE
SEC_c37149db45d16306,IGL,2024-07-01,2025-01-29,1375,2024-07-01,NSE_FO_contract_01072024.csv.gz,d1d6d16bc4c362661ee1ea77c1bae938b18bea016697fafc2ee00c52a2c13a0c,OFFICIAL_DAILY_CONTRACT_FILE
SEC_c37149db45d16306,IGL,2025-01-30,2025-11-24,2750,2025-01-30,NSE_FO_contract_30012025.csv.gz,f22a4408b94abf6cc9710c1126a7467d8f1669f25249b52679e4e30ba24fdea6,OFFICIAL_DAILY_CONTRACT_FILE
SEC_c47d397e61e6e407,DEEPAKNTR,2024-07-01,2025-05-28,300,2024-07-01,NSE_FO_contract_01072024.csv.gz,d1d6d16bc4c362661ee1ea77c1bae938b18bea016697fafc2ee00c52a2c13a0c,OFFICIAL_DAILY_CONTRACT_FILE
SEC_c49320671ad73b05,CUMMINSIND,2024-10-31,2025-06-25,150,2024-10-31,NSE_FO_contract_31102024.csv.gz,1e900d0dbfd98cec9727a5d260781cf6e10eb8ae62942b405b6d33ae421cf7fe,OFFICIAL_DAILY_CONTRACT_FILE
SEC_c49320671ad73b05,CUMMINSIND,2025-04-24,2026-08-12,200,2025-04-24,NSE_FO_contract_24042025.csv.gz,d5d15a4ba92b76a42ca5062762479e19c904802aa293618b287baf2217213975,OFFICIAL_DAILY_CONTRACT_FILE
SEC_c49320671ad73b05,CUMMINSIND,2024-07-01,2024-10-30,300,2024-07-01,NSE_FO_contract_01072024.csv.gz,d1d6d16bc4c362661ee1ea77c1bae938b18bea016697fafc2ee00c52a2c13a0c,OFFICIAL_DAILY_CONTRACT_FILE
SEC_c5d639d9fd45c353,BEL,2025-10-28,2026-08-12,1425,2025-10-28,NSE_FO_contract_28102025.csv.gz,35279f961edc944bfaee7f67aeb838605ba1901e465a216d724f7106ffbfb4c0,OFFICIAL_DAILY_CONTRACT_FILE
SEC_c5d639d9fd45c353,BEL,2024-07-01,2025-10-27,2850,2024-07-01,NSE_FO_contract_01072024.csv.gz,d1d6d16bc4c362661ee1ea77c1bae938b18bea016697fafc2ee00c52a2c13a0c,OFFICIAL_DAILY_CONTRACT_FILE
SEC_c7b9660271900421,JSWENERGY,2024-11-28,2025-06-25,750,2024-11-28,NSE_FO_contract_28112024.csv.gz,3cd76037fc337fc91858f75850f723f2f95df5a50eb1e33f56d8f0faa097ea1e,OFFICIAL_DAILY_CONTRACT_FILE
SEC_c7b9660271900421,JSWENERGY,2025-04-24,2026-06-29,1000,2025-04-24,NSE_FO_contract_24042025.csv.gz,d5d15a4ba92b76a42ca5062762479e19c904802aa293618b287baf2217213975,OFFICIAL_DAILY_CONTRACT_FILE
SEC_c7b9660271900421,JSWENERGY,2026-04-28,2026-08-12,1075,2026-04-28,NSE_FO_contract_28042026.csv.gz,d8c239b3ad29e90a35b89b83333e4767d16182d92d8bf161a4382260a69fa7f7,OFFICIAL_DAILY_CONTRACT_FILE
SEC_c8429d517f2cbb6f,M&M,2024-10-31,2025-06-25,175,2024-10-31,NSE_FO_contract_31102024.csv.gz,1e900d0dbfd98cec9727a5d260781cf6e10eb8ae62942b405b6d33ae421cf7fe,OFFICIAL_DAILY_CONTRACT_FILE
SEC_c8429d517f2cbb6f,M&M,2025-04-24,2026-08-12,200,2025-04-24,NSE_FO_contract_24042025.csv.gz,d5d15a4ba92b76a42ca5062762479e19c904802aa293618b287baf2217213975,OFFICIAL_DAILY_CONTRACT_FILE
SEC_c8429d517f2cbb6f,M&M,2024-07-01,2024-10-30,350,2024-07-01,NSE_FO_contract_01072024.csv.gz,d1d6d16bc4c362661ee1ea77c1bae938b18bea016697fafc2ee00c52a2c13a0c,OFFICIAL_DAILY_CONTRACT_FILE
SEC_cc9f53821a254c58,CONCOR,2024-07-01,2025-07-02,1000,2024-07-01,NSE_FO_contract_01072024.csv.gz,d1d6d16bc4c362661ee1ea77c1bae938b18bea016697fafc2ee00c52a2c13a0c,OFFICIAL_DAILY_CONTRACT_FILE
SEC_cc9f53821a254c58,CONCOR,2025-07-03,2026-08-12,1250,2025-07-03,NSE_FO_contract_03072025.csv.gz,61f706e75847bc3503672e1e4e4747ec69dc99257662f1e35256153638eb8caa,OFFICIAL_DAILY_CONTRACT_FILE
SEC_ccc8c6105bc7c920,MAZDOCK,2025-05-29,2025-12-29,175,2025-05-29,NSE_FO_contract_29052025.csv.gz,7f2761e73cbd0d9a692638f0135730bd7ec8df8736a346f901062558c35d18fd,OFFICIAL_DAILY_CONTRACT_FILE
SEC_ccc8c6105bc7c920,MAZDOCK,2025-10-28,2026-06-29,200,2025-10-28,NSE_FO_contract_28102025.csv.gz,35279f961edc944bfaee7f67aeb838605ba1901e465a216d724f7106ffbfb4c0,OFFICIAL_DAILY_CONTRACT_FILE
SEC_ccc8c6105bc7c920,MAZDOCK,2026-04-28,2026-08-12,225,2026-04-28,NSE_FO_contract_28042026.csv.gz,d8c239b3ad29e90a35b89b83333e4767d16182d92d8bf161a4382260a69fa7f7,OFFICIAL_DAILY_CONTRACT_FILE
SEC_cf46cd7c4bc44082,PETRONET,2024-10-31,2025-06-25,1500,2024-10-31,NSE_FO_contract_31102024.csv.gz,1e900d0dbfd98cec9727a5d260781cf6e10eb8ae62942b405b6d33ae421cf7fe,OFFICIAL_DAILY_CONTRACT_FILE
SEC_cf46cd7c4bc44082,PETRONET,2025-04-24,2025-12-29,1800,2025-04-24,NSE_FO_contract_24042025.csv.gz,d5d15a4ba92b76a42ca5062762479e19c904802aa293618b287baf2217213975,OFFICIAL_DAILY_CONTRACT_FILE
SEC_cf46cd7c4bc44082,PETRONET,2025-10-28,2026-08-12,1900,2025-10-28,NSE_FO_contract_28102025.csv.gz,35279f961edc944bfaee7f67aeb838605ba1901e465a216d724f7106ffbfb4c0,OFFICIAL_DAILY_CONTRACT_FILE
SEC_cf46cd7c4bc44082,PETRONET,2024-07-01,2024-10-30,3000,2024-07-01,NSE_FO_contract_01072024.csv.gz,d1d6d16bc4c362661ee1ea77c1bae938b18bea016697fafc2ee00c52a2c13a0c,OFFICIAL_DAILY_CONTRACT_FILE
SEC_d09d9b1abd2eb296,PEL,2024-07-01,2025-07-30,750,2024-07-01,NSE_FO_contract_01072024.csv.gz,d1d6d16bc4c362661ee1ea77c1bae938b18bea016697fafc2ee00c52a2c13a0c,OFFICIAL_DAILY_CONTRACT_FILE
SEC_d0b04de510022f85,HCLTECH,2024-07-01,2026-06-29,350,2024-07-01,NSE_FO_contract_01072024.csv.gz,d1d6d16bc4c362661ee1ea77c1bae938b18bea016697fafc2ee00c52a2c13a0c,OFFICIAL_DAILY_CONTRACT_FILE
SEC_d0b04de510022f85,HCLTECH,2026-04-28,2026-08-12,400,2026-04-28,NSE_FO_contract_28042026.csv.gz,d8c239b3ad29e90a35b89b83333e4767d16182d92d8bf161a4382260a69fa7f7,OFFICIAL_DAILY_CONTRACT_FILE
SEC_d0d291bbe449292d,PREMIERENE,2025-12-30,2026-06-29,575,2025-12-30,NSE_FO_contract_30122025.csv.gz,416b2340d3f91c273076fe5777b1ece6bf2486c4f31b1c76e4fb8a96d1aff283,OFFICIAL_DAILY_CONTRACT_FILE
SEC_d0d291bbe449292d,PREMIERENE,2026-04-28,2026-08-12,650,2026-04-28,NSE_FO_contract_28042026.csv.gz,d8c239b3ad29e90a35b89b83333e4767d16182d92d8bf161a4382260a69fa7f7,OFFICIAL_DAILY_CONTRACT_FILE
SEC_d49a26803de54b46,CYIENT,2024-11-28,2025-06-25,300,2024-11-28,NSE_FO_contract_28112024.csv.gz,3cd76037fc337fc91858f75850f723f2f95df5a50eb1e33f56d8f0faa097ea1e,OFFICIAL_DAILY_CONTRACT_FILE
SEC_d49a26803de54b46,CYIENT,2025-04-24,2025-12-29,425,2025-04-24,NSE_FO_contract_24042025.csv.gz,d5d15a4ba92b76a42ca5062762479e19c904802aa293618b287baf2217213975,OFFICIAL_DAILY_CONTRACT_FILE
SEC_d523ad813961de33,HFCL,2024-11-28,2025-06-25,4150,2024-11-28,NSE_FO_contract_28112024.csv.gz,3cd76037fc337fc91858f75850f723f2f95df5a50eb1e33f56d8f0faa097ea1e,OFFICIAL_DAILY_CONTRACT_FILE
SEC_d523ad813961de33,HFCL,2025-04-24,2025-12-29,6450,2025-04-24,NSE_FO_contract_24042025.csv.gz,d5d15a4ba92b76a42ca5062762479e19c904802aa293618b287baf2217213975,OFFICIAL_DAILY_CONTRACT_FILE
SEC_d62b2872241fdc66,BIOCON,2024-07-01,2026-08-12,2500,2024-07-01,NSE_FO_contract_01072024.csv.gz,d1d6d16bc4c362661ee1ea77c1bae938b18bea016697fafc2ee00c52a2c13a0c,OFFICIAL_DAILY_CONTRACT_FILE
SEC_d7dd35db6d96bc2c,NAVINFLUOR,2024-07-01,2025-02-25,175,2024-07-01,NSE_FO_contract_01072024.csv.gz,d1d6d16bc4c362661ee1ea77c1bae938b18bea016697fafc2ee00c52a2c13a0c,OFFICIAL_DAILY_CONTRACT_FILE
SEC_d8074aeda81f2537,METROPOLIS,2024-07-01,2025-02-25,400,2024-07-01,NSE_FO_contract_01072024.csv.gz,d1d6d16bc4c362661ee1ea77c1bae938b18bea016697fafc2ee00c52a2c13a0c,OFFICIAL_DAILY_CONTRACT_FILE
SEC_d9132ba63de1d781,RADICO,2026-05-26,2026-08-12,150,2026-05-26,NSE_FO_contract_26052026.csv.gz,37d6a421a3a890476975b82f801fad7fbeeb7cc49a9ba18473c4da84308bdfbb,OFFICIAL_DAILY_CONTRACT_FILE
SEC_d920c6c41c554a65,JKCEMENT,2024-07-01,2025-03-26,125,2024-07-01,NSE_FO_contract_01072024.csv.gz,d1d6d16bc4c362661ee1ea77c1bae938b18bea016697fafc2ee00c52a2c13a0c,OFFICIAL_DAILY_CONTRACT_FILE
SEC_d9b894284fb233c2,INDIANB,2024-11-28,2025-06-25,950,2024-11-28,NSE_FO_contract_28112024.csv.gz,3cd76037fc337fc91858f75850f723f2f95df5a50eb1e33f56d8f0faa097ea1e,OFFICIAL_DAILY_CONTRACT_FILE
SEC_d9b894284fb233c2,INDIANB,2025-04-24,2026-08-12,1000,2025-04-24,NSE_FO_contract_24042025.csv.gz,d5d15a4ba92b76a42ca5062762479e19c904802aa293618b287baf2217213975,OFFICIAL_DAILY_CONTRACT_FILE
SEC_d9e55eb8d2e9cafe,DALBHARAT,2024-07-01,2025-06-25,275,2024-07-01,NSE_FO_contract_01072024.csv.gz,d1d6d16bc4c362661ee1ea77c1bae938b18bea016697fafc2ee00c52a2c13a0c,OFFICIAL_DAILY_CONTRACT_FILE
SEC_d9e55eb8d2e9cafe,DALBHARAT,2025-04-24,2026-08-12,325,2025-04-24,NSE_FO_contract_24042025.csv.gz,d5d15a4ba92b76a42ca5062762479e19c904802aa293618b287baf2217213975,OFFICIAL_DAILY_CONTRACT_FILE
SEC_da418a65e2828902,LTF,2025-10-28,2026-08-12,2250,2025-10-28,NSE_FO_contract_28102025.csv.gz,35279f961edc944bfaee7f67aeb838605ba1901e465a216d724f7106ffbfb4c0,OFFICIAL_DAILY_CONTRACT_FILE
SEC_da418a65e2828902,LTF,2024-07-01,2025-12-29,4462,2024-07-01,NSE_FO_contract_01072024.csv.gz,d1d6d16bc4c362661ee1ea77c1bae938b18bea016697fafc2ee00c52a2c13a0c,OFFICIAL_DAILY_CONTRACT_FILE
SEC_dac7b765207a3589,JSWSTEEL,2024-07-01,2026-08-12,675,2024-07-01,NSE_FO_contract_01072024.csv.gz,d1d6d16bc4c362661ee1ea77c1bae938b18bea016697fafc2ee00c52a2c13a0c,OFFICIAL_DAILY_CONTRACT_FILE
SEC_dae8d83bd039a2bd,PHOENIXLTD,2025-01-30,2026-08-12,350,2025-01-30,NSE_FO_contract_30012025.csv.gz,f22a4408b94abf6cc9710c1126a7467d8f1669f25249b52679e4e30ba24fdea6,OFFICIAL_DAILY_CONTRACT_FILE
SEC_db6d680b4ad67f43,TATASTEEL,2026-04-28,2026-08-12,2750,2026-04-28,NSE_FO_contract_28042026.csv.gz,d8c239b3ad29e90a35b89b83333e4767d16182d92d8bf161a4382260a69fa7f7,OFFICIAL_DAILY_CONTRACT_FILE
SEC_db6d680b4ad67f43,TATASTEEL,2024-07-01,2026-04-27,5500,2024-07-01,NSE_FO_contract_01072024.csv.gz,d1d6d16bc4c362661ee1ea77c1bae938b18bea016697fafc2ee00c52a2c13a0c,OFFICIAL_DAILY_CONTRACT_FILE
SEC_dc3fcfa775dda815,LTIM,2024-07-01,2026-02-25,150,2024-07-01,NSE_FO_contract_01072024.csv.gz,d1d6d16bc4c362661ee1ea77c1bae938b18bea016697fafc2ee00c52a2c13a0c,OFFICIAL_DAILY_CONTRACT_FILE
SEC_dc3fcfa775dda815,LTM,2026-02-27,2026-08-12,150,2026-02-27,NSE_FO_contract_27022026.csv.gz,9d883afa8a944bc0f116b5d61d1f22c21121adbde04a83b07bf53160182c03e5,OFFICIAL_DAILY_CONTRACT_FILE
SEC_dca0f85b58469b89,IRCTC,2024-07-01,2026-02-23,875,2024-07-01,NSE_FO_contract_01072024.csv.gz,d1d6d16bc4c362661ee1ea77c1bae938b18bea016697fafc2ee00c52a2c13a0c,OFFICIAL_DAILY_CONTRACT_FILE
SEC_deaea8c656524c48,AUROPHARMA,2024-07-01,2026-08-12,550,2024-07-01,NSE_FO_contract_01072024.csv.gz,d1d6d16bc4c362661ee1ea77c1bae938b18bea016697fafc2ee00c52a2c13a0c,OFFICIAL_DAILY_CONTRACT_FILE
SEC_def50b3d767810fa,ATGL,2024-11-28,2025-06-25,775,2024-11-28,NSE_FO_contract_28112024.csv.gz,3cd76037fc337fc91858f75850f723f2f95df5a50eb1e33f56d8f0faa097ea1e,OFFICIAL_DAILY_CONTRACT_FILE
SEC_def50b3d767810fa,ATGL,2025-04-24,2025-08-26,875,2025-04-24,NSE_FO_contract_24042025.csv.gz,d5d15a4ba92b76a42ca5062762479e19c904802aa293618b287baf2217213975,OFFICIAL_DAILY_CONTRACT_FILE
SEC_df523edf738eec96,WAAREEENER,2025-12-30,2026-08-12,175,2025-12-30,NSE_FO_contract_30122025.csv.gz,416b2340d3f91c273076fe5777b1ece6bf2486c4f31b1c76e4fb8a96d1aff283,OFFICIAL_DAILY_CONTRACT_FILE
SEC_e23c45014524d914,IPCALAB,2024-07-01,2025-02-25,650,2024-07-01,NSE_FO_contract_01072024.csv.gz,d1d6d16bc4c362661ee1ea77c1bae938b18bea016697fafc2ee00c52a2c13a0c,OFFICIAL_DAILY_CONTRACT_FILE
SEC_e2ae96c72e337cd7,IDFC,2024-07-01,2024-10-08,5000,2024-07-01,NSE_FO_contract_01072024.csv.gz,d1d6d16bc4c362661ee1ea77c1bae938b18bea016697fafc2ee00c52a2c13a0c,OFFICIAL_DAILY_CONTRACT_FILE
SEC_e52b3e73f6b63157,ABCAPITAL,2024-10-31,2025-06-25,2700,2024-10-31,NSE_FO_contract_31102024.csv.gz,1e900d0dbfd98cec9727a5d260781cf6e10eb8ae62942b405b6d33ae421cf7fe,OFFICIAL_DAILY_CONTRACT_FILE
SEC_e52b3e73f6b63157,ABCAPITAL,2025-04-24,2026-08-12,3100,2025-04-24,NSE_FO_contract_24042025.csv.gz,d5d15a4ba92b76a42ca5062762479e19c904802aa293618b287baf2217213975,OFFICIAL_DAILY_CONTRACT_FILE
SEC_e52b3e73f6b63157,ABCAPITAL,2024-07-01,2024-10-30,5400,2024-07-01,NSE_FO_contract_01072024.csv.gz,d1d6d16bc4c362661ee1ea77c1bae938b18bea016697fafc2ee00c52a2c13a0c,OFFICIAL_DAILY_CONTRACT_FILE
SEC_e59efa81d3f96eaf,SHREECEM,2024-07-01,2026-08-12,25,2024-07-01,NSE_FO_contract_01072024.csv.gz,d1d6d16bc4c362661ee1ea77c1bae938b18bea016697fafc2ee00c52a2c13a0c,OFFICIAL_DAILY_CONTRACT_FILE
SEC_e6b18cf7b1be5af1,INDIGO,2024-10-31,2026-08-12,150,2024-10-31,NSE_FO_contract_31102024.csv.gz,1e900d0dbfd98cec9727a5d260781cf6e10eb8ae62942b405b6d33ae421cf7fe,OFFICIAL_DAILY_CONTRACT_FILE
SEC_e6b18cf7b1be5af1,INDIGO,2024-07-01,2024-10-30,300,2024-07-01,NSE_FO_contract_01072024.csv.gz,d1d6d16bc4c362661ee1ea77c1bae938b18bea016697fafc2ee00c52a2c13a0c,OFFICIAL_DAILY_CONTRACT_FILE
SEC_e7cfbdfb60c1a7e4,NBCC,2025-01-30,2025-06-25,5800,2025-01-30,NSE_FO_contract_30012025.csv.gz,f22a4408b94abf6cc9710c1126a7467d8f1669f25249b52679e4e30ba24fdea6,OFFICIAL_DAILY_CONTRACT_FILE
SEC_e7cfbdfb60c1a7e4,NBCC,2025-04-24,2026-08-12,6500,2025-04-24,NSE_FO_contract_24042025.csv.gz,d5d15a4ba92b76a42ca5062762479e19c904802aa293618b287baf2217213975,OFFICIAL_DAILY_CONTRACT_FILE
SEC_e8de8e4dbdd128c9,UNIONBANK,2024-11-28,2026-08-12,4425,2024-11-28,NSE_FO_contract_28112024.csv.gz,3cd76037fc337fc91858f75850f723f2f95df5a50eb1e33f56d8f0faa097ea1e,OFFICIAL_DAILY_CONTRACT_FILE
SEC_e8e86a4dc244f45b,JUBLFOOD,2024-07-01,2026-08-12,1250,2024-07-01,NSE_FO_contract_01072024.csv.gz,d1d6d16bc4c362661ee1ea77c1bae938b18bea016697fafc2ee00c52a2c13a0c,OFFICIAL_DAILY_CONTRACT_FILE
SEC_eb269ac20977f1be,KEI,2024-11-28,2025-06-25,150,2024-11-28,NSE_FO_contract_28112024.csv.gz,3cd76037fc337fc91858f75850f723f2f95df5a50eb1e33f56d8f0faa097ea1e,OFFICIAL_DAILY_CONTRACT_FILE
SEC_eb269ac20977f1be,KEI,2025-04-24,2026-08-12,175,2025-04-24,NSE_FO_contract_24042025.csv.gz,d5d15a4ba92b76a42ca5062762479e19c904802aa293618b287baf2217213975,OFFICIAL_DAILY_CONTRACT_FILE
SEC_ebc751d3efece71e,LODHA,2024-11-28,2026-06-29,450,2024-11-28,NSE_FO_contract_28112024.csv.gz,3cd76037fc337fc91858f75850f723f2f95df5a50eb1e33f56d8f0faa097ea1e,OFFICIAL_DAILY_CONTRACT_FILE
SEC_ebc751d3efece71e,LODHA,2026-04-28,2026-08-12,625,2026-04-28,NSE_FO_contract_28042026.csv.gz,d8c239b3ad29e90a35b89b83333e4767d16182d92d8bf161a4382260a69fa7f7,OFFICIAL_DAILY_CONTRACT_FILE
SEC_ebe40f9ef9b666a9,JIOFIN,2024-11-28,2025-06-25,1650,2024-11-28,NSE_FO_contract_28112024.csv.gz,3cd76037fc337fc91858f75850f723f2f95df5a50eb1e33f56d8f0faa097ea1e,OFFICIAL_DAILY_CONTRACT_FILE
SEC_ebe40f9ef9b666a9,JIOFIN,2025-04-24,2026-08-12,2350,2025-04-24,NSE_FO_contract_24042025.csv.gz,d5d15a4ba92b76a42ca5062762479e19c904802aa293618b287baf2217213975,OFFICIAL_DAILY_CONTRACT_FILE
SEC_eca42eddd8779024,PRESTIGE,2024-11-28,2025-06-25,325,2024-11-28,NSE_FO_contract_28112024.csv.gz,3cd76037fc337fc91858f75850f723f2f95df5a50eb1e33f56d8f0faa097ea1e,OFFICIAL_DAILY_CONTRACT_FILE
SEC_eca42eddd8779024,PRESTIGE,2025-04-24,2026-08-12,450,2025-04-24,NSE_FO_contract_24042025.csv.gz,d5d15a4ba92b76a42ca5062762479e19c904802aa293618b287baf2217213975,OFFICIAL_DAILY_CONTRACT_FILE
SEC_eda1bc12f4d3a5bf,DELHIVERY,2024-11-28,2025-06-25,1525,2024-11-28,NSE_FO_contract_28112024.csv.gz,3cd76037fc337fc91858f75850f723f2f95df5a50eb1e33f56d8f0faa097ea1e,OFFICIAL_DAILY_CONTRACT_FILE
SEC_eda1bc12f4d3a5bf,DELHIVERY,2025-04-24,2026-08-12,2075,2025-04-24,NSE_FO_contract_24042025.csv.gz,d5d15a4ba92b76a42ca5062762479e19c904802aa293618b287baf2217213975,OFFICIAL_DAILY_CONTRACT_FILE
SEC_ee625bcb94731fa8,INOXWIND,2025-03-27,2025-07-25,3225,2025-03-27,NSE_FO_contract_27032025.csv.gz,c6e1c635e8c64b635c72c527dcd5c7f7a5394cd4f829174895071242ed3e0a39,OFFICIAL_DAILY_CONTRACT_FILE
SEC_ee625bcb94731fa8,INOXWIND,2025-07-28,2025-12-29,3272,2025-07-28,NSE_FO_contract_28072025.csv.gz,544b946448c2785e515556feed3d1670c77e8c086b903c313c40afc112a7ecbf,OFFICIAL_DAILY_CONTRACT_FILE
SEC_ee625bcb94731fa8,INOXWIND,2025-10-28,2026-06-29,3575,2025-10-28,NSE_FO_contract_28102025.csv.gz,35279f961edc944bfaee7f67aeb838605ba1901e465a216d724f7106ffbfb4c0,OFFICIAL_DAILY_CONTRACT_FILE
SEC_ee625bcb94731fa8,INOXWIND,2026-04-28,2026-08-12,6400,2026-04-28,NSE_FO_contract_28042026.csv.gz,d8c239b3ad29e90a35b89b83333e4767d16182d92d8bf161a4382260a69fa7f7,OFFICIAL_DAILY_CONTRACT_FILE
SEC_ef30c2e5493c3fb0,UPL,2024-07-01,2024-11-22,1300,2024-07-01,NSE_FO_contract_01072024.csv.gz,d1d6d16bc4c362661ee1ea77c1bae938b18bea016697fafc2ee00c52a2c13a0c,OFFICIAL_DAILY_CONTRACT_FILE
SEC_ef30c2e5493c3fb0,UPL,2024-11-25,2026-08-12,1355,2024-11-25,NSE_FO_contract_25112024.csv.gz,dda92ac412c2e1cc273acbd9cbce28207cd0479975501a3bbc3b56f72f081d66,OFFICIAL_DAILY_CONTRACT_FILE
SEC_f0e9f6ea9b72cfaf,DIVISLAB,2024-10-31,2026-08-12,100,2024-10-31,NSE_FO_contract_31102024.csv.gz,1e900d0dbfd98cec9727a5d260781cf6e10eb8ae62942b405b6d33ae421cf7fe,OFFICIAL_DAILY_CONTRACT_FILE
SEC_f0e9f6ea9b72cfaf,DIVISLAB,2024-07-01,2024-10-30,200,2024-07-01,NSE_FO_contract_01072024.csv.gz,d1d6d16bc4c362661ee1ea77c1bae938b18bea016697fafc2ee00c52a2c13a0c,OFFICIAL_DAILY_CONTRACT_FILE
SEC_f26d4b76f5708633,PAGEIND,2024-07-01,2026-06-29,15,2024-07-01,NSE_FO_contract_01072024.csv.gz,d1d6d16bc4c362661ee1ea77c1bae938b18bea016697fafc2ee00c52a2c13a0c,OFFICIAL_DAILY_CONTRACT_FILE
SEC_f26d4b76f5708633,PAGEIND,2026-04-28,2026-08-12,20,2026-04-28,NSE_FO_contract_28042026.csv.gz,d8c239b3ad29e90a35b89b83333e4767d16182d92d8bf161a4382260a69fa7f7,OFFICIAL_DAILY_CONTRACT_FILE
SEC_f38fc5841ce8f4f5,VOLTAS,2024-10-31,2025-06-25,300,2024-10-31,NSE_FO_contract_31102024.csv.gz,1e900d0dbfd98cec9727a5d260781cf6e10eb8ae62942b405b6d33ae421cf7fe,OFFICIAL_DAILY_CONTRACT_FILE
SEC_f38fc5841ce8f4f5,VOLTAS,2025-04-24,2026-08-12,375,2025-04-24,NSE_FO_contract_24042025.csv.gz,d5d15a4ba92b76a42ca5062762479e19c904802aa293618b287baf2217213975,OFFICIAL_DAILY_CONTRACT_FILE
SEC_f38fc5841ce8f4f5,VOLTAS,2024-07-01,2024-10-30,600,2024-07-01,NSE_FO_contract_01072024.csv.gz,d1d6d16bc4c362661ee1ea77c1bae938b18bea016697fafc2ee00c52a2c13a0c,OFFICIAL_DAILY_CONTRACT_FILE
SEC_f481852bc50bc2ef,GODREJPROP,2024-07-01,2025-06-25,225,2024-07-01,NSE_FO_contract_01072024.csv.gz,d1d6d16bc4c362661ee1ea77c1bae938b18bea016697fafc2ee00c52a2c13a0c,OFFICIAL_DAILY_CONTRACT_FILE
SEC_f481852bc50bc2ef,GODREJPROP,2025-04-24,2026-06-29,275,2025-04-24,NSE_FO_contract_24042025.csv.gz,d5d15a4ba92b76a42ca5062762479e19c904802aa293618b287baf2217213975,OFFICIAL_DAILY_CONTRACT_FILE
SEC_f481852bc50bc2ef,GODREJPROP,2026-04-28,2026-08-12,325,2026-04-28,NSE_FO_contract_28042026.csv.gz,d8c239b3ad29e90a35b89b83333e4767d16182d92d8bf161a4382260a69fa7f7,OFFICIAL_DAILY_CONTRACT_FILE
SEC_f589d983dd77f57a,NCC,2024-11-28,2025-06-25,1775,2024-11-28,NSE_FO_contract_28112024.csv.gz,3cd76037fc337fc91858f75850f723f2f95df5a50eb1e33f56d8f0faa097ea1e,OFFICIAL_DAILY_CONTRACT_FILE
SEC_f589d983dd77f57a,NCC,2025-04-24,2025-12-29,2700,2025-04-24,NSE_FO_contract_24042025.csv.gz,d5d15a4ba92b76a42ca5062762479e19c904802aa293618b287baf2217213975,OFFICIAL_DAILY_CONTRACT_FILE
SEC_f6632a793b2a7bc3,BERGEPAINT,2024-07-01,2025-04-23,1320,2024-07-01,NSE_FO_contract_01072024.csv.gz,d1d6d16bc4c362661ee1ea77c1bae938b18bea016697fafc2ee00c52a2c13a0c,OFFICIAL_DAILY_CONTRACT_FILE
SEC_f6b2ce41d5cd48e9,TATACONSUM,2024-07-01,2024-07-24,450,2024-07-01,NSE_FO_contract_01072024.csv.gz,d1d6d16bc4c362661ee1ea77c1bae938b18bea016697fafc2ee00c52a2c13a0c,OFFICIAL_DAILY_CONTRACT_FILE
SEC_f6b2ce41d5cd48e9,TATACONSUM,2024-07-25,2025-06-25,456,2024-07-25,NSE_FO_contract_25072024.csv.gz,6a9ea9f377fe363555f5a81116628990972ca800951ea006aac5d1fb5d8ea6a8,OFFICIAL_DAILY_CONTRACT_FILE
SEC_f6b2ce41d5cd48e9,TATACONSUM,2025-04-24,2026-08-12,550,2025-04-24,NSE_FO_contract_24042025.csv.gz,d5d15a4ba92b76a42ca5062762479e19c904802aa293618b287baf2217213975,OFFICIAL_DAILY_CONTRACT_FILE
SEC_f7f9c06c1f8c0848,SJVN,2024-11-28,2025-06-25,4725,2024-11-28,NSE_FO_contract_28112024.csv.gz,3cd76037fc337fc91858f75850f723f2f95df5a50eb1e33f56d8f0faa097ea1e,OFFICIAL_DAILY_CONTRACT_FILE
SEC_f7f9c06c1f8c0848,SJVN,2025-04-24,2025-08-26,5875,2025-04-24,NSE_FO_contract_24042025.csv.gz,d5d15a4ba92b76a42ca5062762479e19c904802aa293618b287baf2217213975,OFFICIAL_DAILY_CONTRACT_FILE
SEC_f860b7b033e8a9c5,HYUNDAI,2026-03-30,2026-08-12,275,2026-03-30,NSE_FO_contract_30032026.csv.gz,6d1c57fb6c5187998aa02ba99ef42286d9f340477fbfd2da4125fcdb0a8a068a,OFFICIAL_DAILY_CONTRACT_FILE
SEC_f8fba6e658ac6ad0,OBEROIRLTY,2024-10-31,2026-08-12,350,2024-10-31,NSE_FO_contract_31102024.csv.gz,1e900d0dbfd98cec9727a5d260781cf6e10eb8ae62942b405b6d33ae421cf7fe,OFFICIAL_DAILY_CONTRACT_FILE
SEC_f8fba6e658ac6ad0,OBEROIRLTY,2024-07-01,2024-10-30,700,2024-07-01,NSE_FO_contract_01072024.csv.gz,d1d6d16bc4c362661ee1ea77c1bae938b18bea016697fafc2ee00c52a2c13a0c,OFFICIAL_DAILY_CONTRACT_FILE
SEC_f913ad961589e8af,SYNGENE,2024-07-01,2026-03-27,1000,2024-07-01,NSE_FO_contract_01072024.csv.gz,d1d6d16bc4c362661ee1ea77c1bae938b18bea016697fafc2ee00c52a2c13a0c,OFFICIAL_DAILY_CONTRACT_FILE
SEC_fd613003c7b50b9d,BANKBARODA,2024-07-01,2026-08-12,2925,2024-07-01,NSE_FO_contract_01072024.csv.gz,d1d6d16bc4c362661ee1ea77c1bae938b18bea016697fafc2ee00c52a2c13a0c,OFFICIAL_DAILY_CONTRACT_FILE
SEC_fe577cb6db53c054,MOTILALOFS,2026-03-30,2026-08-12,775,2026-03-30,NSE_FO_contract_30032026.csv.gz,6d1c57fb6c5187998aa02ba99ef42286d9f340477fbfd2da4125fcdb0a8a068a,OFFICIAL_DAILY_CONTRACT_FILE
SEC_fe623682a4715dc4,PVRINOX,2024-07-01,2025-02-25,407,2024-07-01,NSE_FO_contract_01072024.csv.gz,d1d6d16bc4c362661ee1ea77c1bae938b18bea016697fafc2ee00c52a2c13a0c,OFFICIAL_DAILY_CONTRACT_FILE
SEC_fff3d32472ff0620,TATACHEM,2024-07-01,2025-06-25,550,2024-07-01,NSE_FO_contract_01072024.csv.gz,d1d6d16bc4c362661ee1ea77c1bae938b18bea016697fafc2ee00c52a2c13a0c,OFFICIAL_DAILY_CONTRACT_FILE
SEC_fff3d32472ff0620,TATACHEM,2025-04-24,2025-09-29,650,2025-04-24,NSE_FO_contract_24042025.csv.gz,d5d15a4ba92b76a42ca5062762479e19c904802aa293618b287baf2217213975,OFFICIAL_DAILY_CONTRACT_FILE
SEC_fff65cbe0cabcb4d,RAMCOCEM,2024-07-01,2025-05-28,850,2024-07-01,NSE_FO_contract_01072024.csv.gz,d1d6d16bc4c362661ee1ea77c1bae938b18bea016697fafc2ee00c52a2c13a0c,OFFICIAL_DAILY_CONTRACT_FILE
